 ,102 Walter Torn,101 Susan Davis,46 Parker Goldberg,10 Christian Gable,49 Anne Cronyn,53 Mena Temple,32 Tim Hackman,64 Ray Johansson,127 Kevin Garland,89 Charlize Dench,138 Lucille Dee,54 Penelope Pinkett,14 Vivien Bergen,116 Dan Streep,119 Warren Jackman,196 Bela Walken,4 Jennifer Davis,24 Cameron Streep,96 Gene Willis,13 Uma Wood,164 Humphrey Willis,165 Al Garland,137 Morgan Williams,61 Christian Neeson,59 Dustin Tautou,161 Harvey Hope,77 Cary Mcconaughey,15 Cuba Olivier,26 Rip Crawford,12 Karl Berry,133 Richard Penn,58 Christian Akroyd,6 Bette Nicholson,139 Ewan Gooding,57 Jude Cruise,43 Kirk Jovovich,91 Christopher Berry,140 Whoopi Hurt,189 Cuba Birch,104 Penelope Cronyn,188 Rock Dukakis,48 Frances Day-Lewis,115 Harrison Bale,180 Jeff Silverstone,198 Mary Keitel,187 Renee Ball,20 Lucille Tracy,118 Cuba Allen,36 Burt Dukakis,16 Fred Costner,34 Audrey Olivier,168 Will Wilson,166 Nick Degeneres,143 River Dean,192 John Suvari,195 Jayne Silverstone,66 Mary Tandy,155 Ian Tandy,125 Albert Nolte,107 Gina Degeneres,37 Val Bolger,163 Christopher West,171 Olympia Pfeiffer,129 Daryl Crawford,106 Groucho Dunst,122 Salma Nolte,65 Angela Hudson,173 Alan Dreyfuss,124 Scarlett Bening,47 Julia Barrymore,7 Grace Mostel,136 Ed Mansfield,167 Laurence Bullock,150 Jayne Nolte,22 Elvis Marx,40 Johnny Cage,162 Oprah Kilmer,108 Warren Nolte,30 Sandra Peck,11 Zero Cage,128 Cate Mcqueen,55 Fay Kilmer,191 Gregory Gooding,76 Angelina Astaire,200 Thora Temple,81 Scarlett Damon,177 Gene Mckellen,176 Jon Chase,135 Rita Reynolds,149 Russell Temple,8 Matthew Johansson,38 Tom Mckellen,72 Sean Williams,117 Renee Tracy,105 Sidney Crowe,159 Laura Brody,18 Dan Torn,73 Gary Penn,97 Meg Hawke,82 Woody Jolie,142 Jada Ryder,156 Fay Wood,185 Michael Bolger,84 James Pitt,94 Kenneth Torn,99 Jim Mostel,144 Angela Witherspoon,27 Julia Mcqueen,60 Henry Berry,33 Milla Peck,179 Ed Guiness,5 Johnny Lollobrigida,9 Joe Swank,78 Groucho Sinatra,158 Vivien Basinger,111 Cameron Zellweger,71 Adam Grant,154 Meryl Gibson,83 Ben Willis,126 Frances Tomei,110 Susan Davis,197 Reese West,68 Rip Winslet,21 Kirsten Paltrow,74 Milla Keitel,157 Greta Malden,146 Albert Johansson,52 Carmen Hunt,113 Morgan Hopkins,63 Cameron Wray,86 Greg Chaplin,70 Michelle Mcconaughey,41 Jodie Degeneres,29 Alec Wayne,25 Kevin Bloom,23 Sandra Kilmer,56 Dan Harris,148 Emily Dee,199 Julia Fawcett,147 Fay Winslet,134 Gene Hopkins,123 Julianne Dench,95 Daryl Wahlberg,153 Minnie Kilmer,19 Bob Fawcett,80 Ralph Cruz,141 Cate Harris,184 Humphrey Garland,169 Kenneth Hoffman,151 Geoffrey Heston,131 Jane Jackman,181 Matthew Carrey,100 Spencer Depp,109 Sylvester Dern,92 Kirsten Akroyd,174 Michael Bening,62 Jayne Neeson,114 Morgan Mcdormand,28 Woody Hoffman,79 Mae Hoffman,183 Russell Close,121 Liza Bergman,160 Chris Depp,194 Meryl Allen,190 Audrey Bailey,88 Kenneth Pesci,98 Chris Bridges,170 Mena Hopper,93 Ellen Presley,130 Greta Keitel,50 Natalie Hopkins,69 Kenneth Paltrow,1 Penelope Guiness,175 William Hackman,90 Sean Guiness,120 Penelope Monroe,87 Spencer Peck,51 Gary Phoenix,44 Nick Stallone,45 Reese Kilmer,42 Tom Miranda,3 Ed Chase,182 Debbie Akroyd,35 Judy Dean,112 Russell Bacall,2 Nick Wahlberg,85 Minnie Zellweger,31 Sissy Sobieski,178 Lisa Monroe,39 Goldie Brody,186 Julia Zellweger,193 Burt Temple,145 Kim Allen,103 Matthew Leigh,67 Jessica Bailey,132 Adam Hopper,17 Helen Voight,152 Ben Harris,172 Groucho Williams,75 Burt Posey
102 Walter Torn,0,2,1,1,1,3,3,3,0,2,2,1,1,1,3,1,1,1,0,1,1,0,2,1,1,1,0,1,4,3,1,0,3,5,3,2,0,0,0,1,3,0,0,0,2,0,0,2,1,0,0,0,1,2,1,0,0,1,0,2,3,0,0,2,1,0,2,2,0,3,1,2,1,3,3,4,0,3,1,2,2,1,2,2,2,3,0,3,0,3,1,0,1,0,1,4,1,0,2,1,1,1,2,1,3,2,2,2,1,1,1,0,1,1,0,3,0,1,3,2,0,3,1,0,0,4,0,2,0,1,1,1,2,0,1,0,2,0,0,3,1,1,3,0,0,2,0,0,1,0,0,1,1,0,4,1,0,1,1,1,0,1,0,0,2,0,1,1,2,2,0,1,2,1,1,0,1,0,0,2,0,1,2,0,4,2,1,2,4,2,1,1,0,0,0,0,3,0,2,4
101 Susan Davis,2,0,1,1,3,1,2,1,1,0,0,1,1,0,0,0,0,0,1,0,1,1,3,0,2,1,0,1,1,0,0,0,1,0,0,1,3,2,0,1,5,0,0,0,2,1,1,0,0,1,0,2,2,0,0,1,2,1,2,1,2,0,2,0,1,1,1,2,2,1,1,0,0,0,2,1,1,2,0,2,1,0,0,3,0,0,1,1,0,1,3,0,0,0,0,1,0,2,0,2,2,1,1,1,2,2,1,1,2,0,2,3,0,0,1,1,0,1,3,2,0,2,1,2,2,0,0,0,1,1,0,0,1,1,0,1,1,0,0,1,3,2,1,1,0,1,2,2,1,0,2,0,1,1,2,0,1,1,1,0,1,0,1,0,0,0,1,1,0,1,0,0,1,2,0,1,1,0,0,2,2,1,1,0,2,0,1,3,1,1,0,1,1,0,0,0,0,0,1,0
46 Parker Goldberg,1,1,0,1,2,2,2,2,0,1,0,0,0,0,1,0,1,2,0,2,2,0,1,1,0,0,1,0,0,1,2,1,0,1,0,0,1,3,1,1,1,0,0,1,0,3,2,0,1,1,1,1,1,1,0,0,1,2,0,0,0,0,1,0,0,0,0,0,0,0,2,0,1,1,1,1,0,1,0,1,1,0,2,0,1,0,0,0,0,0,0,1,1,0,0,0,0,1,0,0,1,1,1,2,1,1,1,3,1,0,1,0,1,0,1,2,0,0,0,1,0,0,1,0,1,0,2,1,0,0,0,0,0,1,1,3,0,1,0,1,0,0,0,1,0,0,2,0,0,1,0,3,1,2,2,1,0,2,0,0,0,0,0,0,1,0,1,0,1,1,1,0,1,0,0,1,1,0,0,2,0,0,0,0,1,1,2,0,0,1,0,0,0,0,2,1,1,1,2,0
10 Christian Gable,1,1,1,0,2,3,1,2,1,0,0,0,0,0,1,1,0,0,0,2,0,0,2,1,1,0,1,1,1,1,0,1,0,0,0,0,1,1,0,0,1,0,2,0,1,1,2,0,1,0,1,0,1,0,0,0,0,1,0,0,3,1,0,0,0,0,1,0,0,0,0,0,1,0,2,1,1,3,1,1,0,1,1,1,0,0,1,0,0,1,0,0,1,0,1,0,0,0,1,1,1,0,1,2,0,0,0,1,0,1,0,0,2,1,0,0,0,0,0,0,0,1,1,2,0,0,2,0,0,0,1,1,0,0,1,1,1,0,0,1,0,2,1,1,0,0,1,1,1,1,0,1,0,1,1,0,0,0,0,0,2,1,0,1,0,1,1,0,0,2,0,2,2,2,0,0,0,0,0,0,0,2,0,1,0,0,1,0,3,2,1,0,0,0,1,1,1,1,0,0
49 Anne Cronyn,1,3,2,2,0,2,1,3,0,1,0,1,0,0,0,1,0,0,0,1,1,0,1,2,0,2,0,1,0,2,0,0,0,1,0,0,0,1,0,1,2,1,2,4,0,0,2,2,1,0,0,2,0,0,0,0,2,1,1,2,1,0,0,2,1,1,0,0,0,0,0,1,0,2,0,0,0,0,0,3,1,1,0,2,0,2,1,0,0,1,1,0,0,1,1,0,0,0,1,0,0,0,0,1,0,1,0,0,2,0,2,1,1,1,0,1,0,1,0,1,0,0,0,0,0,1,1,1,0,0,1,1,0,1,0,0,0,0,0,0,3,2,1,0,0,2,1,0,0,0,0,3,1,0,2,0,0,0,0,0,0,0,2,0,0,0,1,0,0,1,0,0,2,2,3,0,2,0,0,1,0,0,1,0,1,2,1,0,0,0,2,1,0,0,1,0,1,2,1,1
53 Mena Temple,3,1,2,3,2,0,1,2,2,1,1,1,0,1,0,2,1,2,1,0,0,1,1,3,0,1,0,0,1,0,2,0,1,2,2,0,2,1,1,0,2,0,0,0,2,1,2,0,0,0,0,0,0,2,1,0,2,0,0,0,3,2,2,0,1,2,1,0,0,2,0,1,0,5,1,1,1,2,1,0,0,1,0,1,1,3,0,1,0,1,0,0,0,0,0,0,2,1,4,0,0,2,1,0,1,1,0,0,0,0,1,0,1,0,0,1,0,0,2,2,2,0,2,0,0,2,0,0,1,0,0,1,0,0,1,0,1,0,0,1,1,3,1,0,1,0,1,1,1,0,0,0,0,0,0,0,1,1,3,1,1,0,0,1,0,0,1,2,1,2,0,0,2,1,0,0,1,1,4,1,0,0,0,1,0,1,0,0,1,0,1,3,1,1,3,0,1,0,0,2
32 Tim Hackman,3,2,2,1,1,1,0,2,0,1,0,1,0,1,1,1,0,3,0,1,1,0,0,1,0,2,0,0,1,0,0,1,1,0,0,0,0,1,0,3,2,1,0,0,1,0,0,1,1,0,0,0,0,0,0,0,1,2,0,3,0,0,1,2,2,0,0,1,1,0,0,1,0,0,0,0,0,2,0,2,1,2,2,1,0,1,1,1,1,0,1,0,0,1,1,0,1,1,2,0,1,0,1,1,0,1,1,0,1,2,1,0,1,0,0,1,0,0,0,1,0,1,0,0,0,1,2,0,1,0,0,0,0,1,1,0,0,0,1,1,1,0,3,1,0,0,0,0,1,0,0,0,1,0,1,0,0,0,0,0,0,0,0,0,1,0,0,0,1,2,1,0,1,0,1,0,3,2,1,2,1,0,0,0,2,0,0,2,1,3,0,1,0,3,0,0,2,0,2,1
64 Ray Johansson,3,1,2,2,3,2,2,0,0,0,0,0,0,1,1,0,3,3,2,3,3,1,1,2,3,2,1,1,1,1,1,0,0,0,1,0,1,0,0,1,3,2,1,1,1,0,0,2,1,3,0,0,0,0,0,0,0,0,1,0,4,1,0,2,2,1,3,2,0,0,0,0,0,0,1,0,0,0,1,1,1,2,0,0,0,0,1,1,2,1,0,2,0,2,1,0,1,0,1,0,1,2,2,2,0,1,1,0,0,1,2,0,0,1,1,0,0,0,0,2,0,0,0,2,1,3,1,0,1,0,0,0,0,3,0,0,2,0,0,0,0,2,0,0,1,2,0,2,1,0,1,1,0,1,1,1,0,0,1,1,0,0,1,1,1,1,1,1,2,1,0,1,3,1,2,0,0,0,1,1,0,1,0,1,1,1,1,1,1,0,0,1,0,1,0,1,3,0,1,0
127 Kevin Garland,0,1,0,1,0,2,0,0,0,2,3,1,1,2,0,0,1,0,2,0,1,1,0,0,1,1,1,1,0,0,2,3,0,0,0,0,1,0,0,0,0,0,1,0,0,2,1,3,0,0,2,0,1,4,2,1,1,1,1,1,3,0,1,1,1,1,0,0,0,1,1,0,0,1,0,0,0,0,1,0,1,0,1,0,0,2,1,2,1,1,2,1,1,2,1,0,0,1,2,2,1,0,2,0,1,0,2,1,1,0,0,3,0,0,1,1,0,1,0,0,0,0,1,0,1,1,0,1,0,1,0,2,0,1,1,0,1,0,1,1,0,1,1,1,1,1,0,0,1,1,1,2,2,2,1,0,0,0,1,2,1,2,0,0,1,2,1,0,1,0,0,2,2,0,1,2,2,0,0,0,1,0,1,0,0,1,0,0,0,0,0,3,2,1,0,0,2,1,2,0
89 Charlize Dench,2,0,1,0,1,1,1,0,2,0,2,1,2,0,0,2,0,0,0,3,0,2,4,0,0,0,0,1,3,0,2,2,0,2,0,2,0,0,1,0,1,0,0,0,1,1,0,0,1,0,1,0,1,1,1,0,2,0,0,1,2,1,1,0,0,1,1,3,1,0,0,1,1,4,0,0,1,0,0,0,2,0,1,1,0,1,0,1,0,0,1,0,0,1,1,2,0,0,2,1,0,0,0,1,1,0,1,0,0,2,1,0,1,0,2,1,1,0,2,0,0,0,0,0,1,1,2,0,0,0,0,0,1,2,2,4,0,1,0,3,0,2,1,1,4,2,0,0,1,1,0,1,0,0,2,0,1,2,0,1,0,0,0,0,0,0,1,1,1,0,1,3,1,0,4,0,0,1,0,2,0,0,1,0,0,1,1,0,0,0,1,1,0,0,0,2,0,0,2,1
138 Lucille Dee,2,0,0,0,0,1,0,0,3,2,0,1,2,0,0,0,0,0,1,0,0,0,1,2,0,0,0,2,1,0,0,1,0,0,1,0,0,2,0,1,1,0,1,2,1,2,0,2,1,2,1,0,1,0,2,2,2,1,0,1,3,0,0,0,1,1,1,0,0,2,0,2,1,2,0,1,0,1,0,1,0,2,0,0,1,2,1,0,1,0,0,1,0,0,1,1,1,2,3,2,0,0,0,0,1,0,1,1,1,1,0,0,0,0,1,3,1,0,1,0,1,1,1,0,1,0,0,2,2,0,1,1,0,0,1,1,0,0,0,1,0,1,3,1,0,1,0,0,0,1,0,1,0,2,2,2,0,0,2,0,0,1,0,0,1,0,0,1,1,1,0,0,1,0,0,0,1,1,0,1,0,1,2,1,0,1,1,0,0,0,1,1,1,1,0,0,0,0,1,2
54 Penelope Pinkett,1,1,0,0,1,1,1,0,1,1,1,0,3,0,3,1,1,0,0,2,0,0,1,2,1,0,0,0,1,0,0,1,0,2,0,0,0,0,0,2,1,1,1,0,1,0,1,0,1,0,0,0,0,0,0,3,0,0,0,2,0,0,0,1,1,2,1,0,1,1,1,2,0,1,1,1,1,0,2,3,0,0,2,1,0,0,2,1,0,1,0,0,1,0,3,1,2,0,1,0,1,3,1,1,0,3,1,1,2,2,1,0,1,1,1,1,0,3,1,0,1,1,0,0,0,1,0,0,2,0,1,0,1,0,0,3,0,0,1,1,1,1,2,1,1,1,0,0,1,1,0,2,0,0,0,0,3,2,0,0,1,1,0,0,0,0,1,2,0,1,0,1,1,2,1,1,0,1,1,0,2,0,2,0,1,1,0,0,0,0,0,0,0,1,1,0,0,0,1,2
14 Vivien Bergen,1,1,0,0,0,0,0,0,1,2,2,3,0,0,2,3,0,0,0,1,1,2,1,1,2,0,1,0,3,0,0,2,0,1,1,0,0,2,0,0,0,0,0,2,1,1,0,0,0,0,0,2,1,1,1,0,0,2,1,2,1,0,0,1,1,0,1,2,0,0,1,0,1,0,4,0,2,1,1,0,1,1,0,1,1,1,1,1,0,0,1,1,0,0,0,2,2,0,1,0,1,0,1,1,1,1,0,1,1,1,1,0,0,0,1,2,0,0,1,1,1,3,1,1,2,0,0,0,3,0,0,1,0,0,1,3,1,0,0,1,0,0,0,3,0,2,0,0,1,2,0,0,2,0,0,0,1,0,1,0,1,3,0,2,2,1,0,2,1,1,1,2,1,2,0,1,1,1,0,2,1,0,0,1,1,0,1,0,1,1,1,0,2,0,0,0,2,1,0,1
116 Dan Streep,1,0,0,0,0,1,1,1,2,0,0,0,0,0,2,1,0,1,1,0,0,0,0,0,1,2,0,0,1,1,1,2,1,1,0,1,1,2,1,0,3,0,0,1,0,0,2,1,1,0,2,1,1,0,1,0,0,2,2,2,0,0,0,0,0,0,1,0,1,1,0,1,0,2,1,1,1,0,0,0,1,0,1,1,0,0,1,0,1,0,0,1,1,0,1,1,0,1,0,0,1,1,1,0,0,1,2,0,1,0,0,0,0,0,0,0,1,0,2,0,0,0,0,1,1,0,1,1,0,0,0,1,2,1,2,1,1,0,1,0,0,1,1,0,0,1,0,2,0,1,2,1,0,2,2,2,0,2,0,0,0,1,0,1,1,1,0,0,0,0,1,1,1,0,2,0,2,1,3,0,0,1,0,0,1,3,0,1,0,1,0,1,0,1,0,0,1,0,0,1
119 Warren Jackman,3,0,1,1,0,0,1,1,0,0,0,3,2,2,0,2,2,0,0,2,0,1,0,1,1,0,0,0,1,0,2,1,1,2,1,0,1,2,3,1,1,1,1,0,2,0,0,2,2,1,2,0,1,0,2,3,1,0,0,2,1,1,1,1,1,1,0,2,2,1,2,1,1,0,2,3,2,2,2,2,2,0,1,0,1,0,2,2,0,1,0,0,1,1,3,2,1,0,1,2,0,0,0,1,2,2,0,1,0,0,0,2,0,0,1,0,0,1,2,1,0,1,0,1,0,1,0,0,0,0,1,0,0,1,1,3,3,0,0,2,0,1,0,1,0,2,0,1,0,1,1,2,0,1,2,0,0,0,0,1,1,0,0,2,4,1,3,1,0,2,0,0,2,0,2,0,1,0,1,1,1,1,0,1,1,0,0,1,0,0,0,1,1,0,0,0,1,0,2,1
196 Bela Walken,1,0,0,1,1,2,1,0,0,2,0,1,3,1,2,0,1,1,0,3,3,2,0,1,0,1,1,3,3,1,1,2,0,1,1,2,0,2,1,1,1,0,1,0,2,1,0,0,1,0,0,0,0,3,1,1,0,1,2,0,1,2,1,1,0,1,3,0,1,2,0,0,0,0,0,0,0,0,1,1,0,1,0,1,0,0,1,1,2,1,0,0,0,1,2,0,1,0,0,0,2,0,2,0,2,0,1,0,1,2,0,0,1,0,2,1,2,2,2,0,1,1,0,0,1,2,0,1,0,0,1,0,0,0,0,1,1,0,1,0,0,1,0,2,1,0,0,3,1,0,1,0,2,0,0,0,0,0,1,1,1,1,1,0,0,1,0,0,1,0,2,0,2,1,1,0,0,0,0,1,0,0,1,1,0,0,0,0,1,2,0,0,0,0,2,1,1,1,2,1
4 Jennifer Davis,1,0,1,0,0,1,0,3,1,0,0,1,0,0,2,1,0,2,1,2,2,2,2,1,0,2,1,2,1,1,2,2,0,1,1,1,1,0,0,1,0,0,2,0,3,2,1,0,1,1,0,1,2,1,0,0,1,0,1,1,0,0,0,1,1,0,2,1,1,2,3,2,1,1,2,1,1,2,1,0,0,0,1,0,1,1,0,0,1,0,0,0,0,0,1,0,0,1,0,0,1,1,0,1,1,1,1,1,0,2,2,0,0,0,1,0,0,0,0,0,1,1,0,3,0,1,1,1,0,0,0,0,1,1,0,1,1,0,0,0,0,0,0,0,1,1,1,1,1,1,1,0,2,1,1,0,1,0,0,0,0,0,0,0,2,1,2,0,1,0,1,0,4,1,1,1,1,1,1,2,1,1,1,0,0,0,0,0,0,0,0,0,0,0,0,0,0,0,0,0
24 Cameron Streep,1,0,2,0,0,2,3,3,0,0,0,0,0,1,0,1,2,0,1,2,2,1,2,2,0,1,1,0,0,0,1,2,3,0,0,0,2,1,0,1,0,1,1,0,0,0,0,1,0,0,0,0,0,1,0,1,1,0,0,4,1,0,0,0,4,1,0,1,0,0,1,2,0,0,0,1,1,1,0,1,0,1,1,1,0,2,0,0,0,1,0,1,2,1,0,0,0,1,1,1,1,0,0,0,0,0,1,0,0,1,1,0,1,0,1,2,0,0,0,3,1,1,0,0,1,0,1,1,1,1,0,0,1,1,0,0,1,0,0,2,0,2,1,0,1,0,1,1,0,1,1,1,0,1,0,0,0,1,0,1,0,0,1,0,0,0,2,0,0,1,2,0,2,1,0,0,1,1,1,2,0,0,0,1,2,1,1,2,2,0,0,1,0,2,2,0,3,0,1,0
96 Gene Willis,0,1,0,0,0,1,0,2,2,0,1,0,0,1,0,0,1,1,0,1,1,1,1,1,2,1,1,1,0,1,1,0,0,0,1,0,0,1,0,2,0,1,2,1,0,0,1,1,1,0,2,0,0,0,0,0,0,2,0,2,1,0,0,1,0,0,0,0,1,1,1,0,0,0,1,0,1,0,1,0,0,3,0,1,1,0,0,1,1,0,0,0,0,1,0,0,0,1,0,0,0,1,0,0,1,1,0,0,0,0,0,1,0,1,2,0,1,0,1,1,2,0,0,0,0,2,2,0,0,2,1,0,0,1,0,0,0,0,0,1,0,0,0,1,0,0,0,3,1,0,3,2,1,0,0,0,1,1,1,2,1,0,0,1,2,1,1,0,1,1,0,1,1,1,0,1,0,0,1,2,1,1,1,0,0,0,0,0,0,1,0,0,1,0,2,1,1,2,1,0
13 Uma Wood,1,0,2,2,1,0,1,3,0,3,0,2,1,0,2,3,2,2,1,0,1,2,2,1,0,1,0,1,0,2,2,1,1,0,1,1,0,1,0,1,0,0,1,2,4,3,0,0,3,2,0,0,0,0,0,1,0,3,0,2,2,3,0,1,0,3,1,3,0,1,0,0,1,0,1,0,0,1,1,1,0,0,0,0,1,1,1,1,0,0,0,0,2,1,1,1,1,2,0,1,0,0,2,2,1,2,0,0,0,1,2,3,0,0,0,1,2,1,2,0,1,2,1,1,1,0,3,2,0,0,0,0,1,1,0,2,1,1,0,1,2,0,1,2,2,0,0,3,3,1,1,4,3,0,1,0,2,2,2,0,0,2,1,0,1,1,1,0,1,0,1,0,1,3,2,2,1,0,1,0,0,3,1,1,1,0,2,0,0,2,1,0,1,0,1,2,2,1,2,0
164 Humphrey Willis,1,1,2,0,1,0,1,3,1,0,0,0,1,0,0,3,2,2,1,1,0,1,2,1,1,1,0,0,0,0,0,1,0,0,0,0,0,1,1,1,0,1,0,1,2,0,0,1,1,0,0,0,0,1,1,1,1,0,3,0,0,0,0,3,1,2,1,0,0,0,1,0,0,1,1,0,0,1,0,0,0,0,2,0,0,2,0,1,0,1,0,1,0,1,1,0,0,1,0,0,0,1,1,0,0,0,0,1,0,1,1,0,1,0,0,0,0,2,0,3,2,0,2,0,1,1,0,0,0,0,0,1,1,0,0,3,1,0,0,2,0,1,1,0,1,0,1,1,1,1,0,0,0,0,1,1,0,0,1,1,0,1,1,0,0,1,0,1,0,1,1,1,2,1,0,0,0,0,0,0,1,0,1,0,0,0,2,1,0,1,0,2,0,1,0,1,2,0,1,1
165 Al Garland,0,1,0,0,0,1,0,1,1,2,0,0,2,0,1,2,2,1,1,2,1,0,1,1,2,2,0,0,1,0,1,0,0,0,2,1,1,1,0,1,1,0,1,1,1,1,2,0,0,1,1,1,1,1,0,1,0,0,2,0,3,2,2,1,2,0,0,0,0,1,0,0,1,1,1,1,1,1,1,1,1,0,0,1,0,0,0,0,0,4,0,0,1,1,0,0,0,0,2,0,0,0,4,1,1,0,1,0,1,2,1,3,1,0,2,2,1,1,1,0,1,0,1,2,0,0,0,0,0,1,0,0,1,0,1,1,1,0,0,0,0,1,1,0,2,1,2,1,0,0,3,2,1,0,0,2,1,1,0,2,0,0,0,0,2,0,2,0,2,2,1,0,1,0,0,1,2,2,0,0,1,0,2,0,0,0,2,1,1,0,1,1,0,2,0,0,1,1,1,0
137 Morgan Williams,2,3,1,2,1,1,0,1,0,4,1,1,1,0,0,0,2,2,1,2,2,1,0,3,0,0,1,1,4,0,2,1,0,1,0,3,0,0,0,0,1,0,1,0,2,1,0,0,2,1,0,3,0,1,0,0,0,2,0,1,0,1,0,2,0,1,0,2,1,0,2,1,0,2,2,0,1,1,0,1,1,1,1,0,0,3,1,1,0,0,1,1,1,1,1,0,2,0,1,0,0,1,0,1,0,0,0,0,0,2,1,1,0,1,0,2,0,1,3,2,0,3,0,2,1,0,1,2,1,1,1,2,1,0,2,2,0,0,0,3,0,2,0,0,0,1,0,1,2,1,0,0,0,0,1,1,2,2,3,0,1,0,0,0,0,1,0,1,0,0,0,0,1,0,1,1,0,0,0,0,0,0,1,0,1,1,2,0,1,1,0,1,0,0,0,1,2,0,1,1
61 Christian Neeson,1,0,1,1,2,3,1,2,0,0,2,2,1,0,1,1,1,2,1,1,1,1,3,0,0,0,0,0,0,0,0,1,1,0,1,0,0,0,1,0,0,0,1,0,0,0,0,0,0,0,0,3,0,0,0,1,0,0,0,1,1,1,0,0,4,2,0,1,0,1,1,1,0,2,1,1,0,1,0,1,0,1,0,1,1,1,4,0,0,1,1,0,1,2,4,0,0,1,1,0,0,1,1,1,0,0,0,0,2,0,0,1,1,1,1,1,1,0,1,0,0,1,0,0,2,1,1,0,0,0,2,0,0,1,0,3,1,0,0,2,0,0,0,1,1,1,1,0,1,1,0,0,0,0,0,1,1,1,1,0,0,1,1,0,1,0,1,2,0,0,1,1,1,1,2,0,0,1,0,3,2,0,3,0,0,1,0,1,1,3,3,0,0,2,1,0,0,0,3,3
59 Dustin Tautou,1,2,0,1,0,0,0,3,1,0,0,1,2,1,1,0,0,0,2,0,1,2,0,0,0,2,3,0,2,0,1,0,0,1,0,0,0,1,1,1,0,1,0,0,0,0,1,1,0,1,1,1,0,0,0,2,0,0,0,0,3,0,0,1,1,0,2,0,0,0,0,0,1,0,1,0,1,1,0,0,1,0,0,2,2,0,0,1,1,1,0,2,0,0,0,1,0,2,1,0,0,0,1,1,1,1,2,0,0,1,1,2,1,1,2,0,0,0,1,0,1,2,0,2,0,3,0,1,0,0,0,0,0,1,0,1,1,1,1,1,0,0,0,0,1,0,2,2,1,0,1,1,0,1,0,1,3,1,0,1,1,0,0,1,1,0,2,0,1,1,0,1,1,2,0,0,0,2,1,0,1,0,0,0,1,0,1,1,0,2,0,1,1,2,0,0,1,0,0,0
161 Harvey Hope,1,1,0,0,2,1,2,2,1,0,0,0,0,2,0,1,2,1,1,1,1,2,0,0,2,0,1,3,3,1,1,0,0,1,2,1,1,0,1,1,0,0,1,0,2,0,2,0,1,1,2,3,1,0,0,0,0,0,2,0,1,0,0,5,1,0,1,2,0,1,1,2,1,1,1,0,0,2,0,2,0,1,0,1,1,1,3,2,2,2,0,1,0,0,0,0,0,0,1,2,0,0,2,2,0,1,1,1,0,0,3,1,0,1,2,2,0,1,6,3,1,0,0,2,0,1,0,1,2,0,0,1,0,0,0,1,0,0,0,0,3,1,1,0,1,1,2,1,0,1,2,1,3,1,2,0,0,4,2,1,1,1,2,0,0,0,1,0,2,1,2,0,1,0,1,1,0,0,2,2,0,0,1,0,1,0,0,2,0,2,0,1,1,0,0,0,2,1,0,1
77 Cary Mcconaughey,0,0,1,1,0,0,0,1,1,0,0,0,1,0,0,1,1,1,1,0,0,0,1,0,3,1,0,1,1,1,1,1,0,1,1,0,1,0,0,1,1,1,1,1,0,3,1,2,1,0,0,0,0,0,0,0,0,1,0,1,2,0,1,1,1,1,2,0,2,0,0,1,0,0,0,1,1,0,0,2,0,2,2,0,2,1,1,3,1,2,1,1,2,1,1,1,1,1,0,0,0,0,1,1,2,0,0,0,0,2,1,0,0,2,0,1,0,0,0,0,1,0,0,0,0,0,1,0,1,1,0,1,0,0,3,1,0,0,0,0,0,2,2,1,0,1,0,1,2,0,0,2,0,1,0,1,0,3,0,1,1,0,0,1,0,0,0,1,0,0,0,1,2,1,1,0,0,2,0,0,0,1,0,1,0,1,0,0,0,1,0,0,0,0,0,1,0,1,1,0
15 Cuba Olivier,1,1,0,1,1,0,0,1,1,1,2,0,0,0,0,3,2,0,1,1,0,0,1,0,0,3,1,0,2,2,4,3,0,0,1,1,0,0,0,0,0,0,1,0,6,0,1,1,0,2,2,2,1,0,1,0,2,0,2,1,1,0,1,1,2,1,2,0,0,1,1,1,1,0,1,1,2,0,0,0,2,0,0,0,0,1,0,1,2,1,0,0,0,1,2,1,1,1,2,1,0,0,0,1,1,1,1,1,2,0,2,1,0,1,2,1,0,0,0,0,0,0,0,0,1,1,0,1,0,0,0,1,0,1,0,2,2,1,2,0,0,0,0,1,0,3,0,3,1,1,0,0,1,0,1,0,1,0,1,0,1,0,1,0,0,1,1,1,2,1,2,1,1,0,1,1,0,0,0,1,2,0,0,1,1,1,0,0,0,0,0,1,0,0,0,1,3,1,0,2
26 Rip Crawford,4,1,0,1,0,1,1,1,0,3,1,1,3,1,1,3,1,0,0,0,0,1,4,0,2,3,1,2,0,2,2,1,0,2,2,1,0,0,0,1,1,1,0,1,3,1,0,0,2,2,1,1,0,2,1,2,0,2,0,1,1,0,0,0,2,1,0,3,0,0,2,0,0,0,2,1,0,1,1,0,2,1,1,0,1,2,1,1,0,0,0,1,1,0,3,0,0,0,0,0,2,0,0,2,0,0,1,3,1,0,1,3,1,0,1,1,0,0,3,2,0,2,1,0,0,1,0,0,1,2,0,0,1,0,3,0,1,0,0,1,0,0,1,1,1,1,1,0,2,0,1,0,0,2,3,0,1,1,0,0,2,2,0,1,1,0,0,2,1,2,3,1,1,1,1,2,0,1,0,0,0,1,0,2,1,0,0,0,1,0,0,1,0,0,0,2,1,1,3,2
12 Karl Berry,3,0,1,1,2,0,0,1,0,0,0,0,0,1,0,1,1,0,1,2,0,0,0,0,0,1,1,2,2,0,1,2,0,3,3,1,1,0,0,1,1,0,0,0,1,1,1,0,1,2,0,2,0,1,2,0,1,1,0,0,0,0,0,0,1,0,0,0,0,0,0,2,3,3,0,3,0,1,2,0,0,0,2,0,1,0,0,0,0,1,0,0,1,1,0,2,0,0,2,3,2,2,2,1,2,2,2,4,1,0,0,0,0,2,3,0,0,1,2,1,1,1,1,0,0,2,4,2,1,2,2,1,0,1,3,0,3,0,1,0,1,1,1,0,2,0,0,0,0,1,0,1,2,1,2,0,1,1,1,0,0,0,1,0,0,0,1,1,0,4,3,0,1,1,2,2,0,1,1,1,0,1,0,0,3,1,3,1,1,0,1,0,3,0,1,0,2,0,0,1
133 Richard Penn,1,0,2,0,0,2,0,1,2,2,0,0,0,1,2,1,2,1,1,2,0,1,2,0,1,1,1,4,2,1,0,1,0,0,0,1,0,0,1,1,2,0,1,0,3,1,1,0,2,1,1,1,0,0,0,0,1,0,1,3,1,0,2,1,1,0,1,1,1,3,3,2,1,1,0,3,2,2,1,0,0,0,1,0,0,0,0,0,0,0,0,1,1,0,1,1,2,1,2,0,0,0,3,0,1,1,1,1,2,0,2,2,1,0,1,1,1,1,0,0,0,0,1,0,0,1,2,0,0,0,0,0,1,3,0,0,1,3,0,2,1,1,0,0,0,2,0,1,2,2,0,2,0,1,1,0,1,2,1,1,1,1,1,0,1,0,0,2,1,1,0,1,1,0,2,1,1,0,1,1,0,0,0,0,0,0,0,1,1,0,0,0,0,0,0,3,1,0,2,0
58 Christian Akroyd,0,0,1,1,0,0,1,0,3,2,1,1,2,2,1,2,2,2,0,1,1,0,1,1,0,0,1,3,1,2,1,0,0,1,0,0,1,1,0,0,0,0,0,0,2,1,1,1,1,0,1,1,3,2,3,0,1,1,2,0,3,0,1,1,1,0,1,1,3,0,0,1,2,2,0,1,0,1,0,0,1,0,3,1,0,1,3,2,2,0,0,0,0,2,1,2,1,0,2,4,1,0,0,2,1,1,1,1,2,2,1,1,0,1,0,0,1,2,1,1,0,1,0,1,0,0,0,0,1,0,0,1,0,0,1,4,1,0,1,1,1,0,1,0,0,3,0,0,0,0,1,0,0,2,1,0,0,2,1,1,0,0,2,1,2,2,0,0,1,1,4,1,1,0,1,0,2,0,1,0,0,0,0,0,1,0,0,0,0,0,0,1,2,1,3,1,3,1,0,1
6 Bette Nicholson,3,1,0,0,0,1,1,0,0,0,0,0,0,1,1,0,0,3,0,1,0,0,0,1,0,0,0,0,0,0,0,0,0,2,1,1,1,2,2,2,1,1,1,0,1,1,1,1,0,1,0,3,0,0,0,0,0,0,0,2,0,0,1,1,0,1,1,0,0,1,0,2,1,1,0,0,1,2,1,0,0,0,1,1,0,1,0,1,0,2,0,0,0,0,2,0,0,0,2,1,0,1,0,0,3,0,1,1,0,1,1,1,0,0,0,0,0,1,2,2,0,2,0,0,2,0,0,1,0,1,1,1,1,1,0,1,1,0,0,0,0,2,0,0,0,0,0,0,0,2,0,1,0,0,0,1,0,0,1,0,0,1,1,0,0,1,0,0,0,1,0,0,2,1,1,1,0,1,1,2,0,0,0,1,0,0,0,1,2,0,1,1,1,1,1,0,0,0,0,0
139 Ewan Gooding,5,0,1,0,1,2,0,0,0,2,0,2,1,1,2,1,1,0,0,0,0,0,1,0,1,1,1,0,2,3,0,1,2,0,2,1,2,1,1,2,1,1,0,0,3,0,0,1,0,1,1,2,0,1,1,1,2,1,1,0,1,1,3,1,1,1,0,2,0,1,3,3,1,3,0,3,1,2,1,1,0,0,0,1,0,0,0,1,3,0,0,0,1,0,0,1,0,0,1,0,2,2,0,2,1,2,2,1,1,1,1,0,2,1,0,2,1,4,2,0,0,2,1,0,0,0,0,1,3,0,1,0,0,2,0,2,2,1,0,0,0,2,2,0,1,1,1,1,0,3,0,4,0,0,2,0,1,1,2,1,2,2,0,1,0,2,1,0,1,2,0,1,1,2,2,4,2,0,0,0,0,0,0,1,0,1,0,0,1,0,0,0,1,0,1,0,0,0,3,2
57 Jude Cruise,3,0,0,0,0,2,0,1,0,0,1,0,1,0,1,1,1,0,1,1,0,2,0,1,0,2,1,1,2,3,0,0,1,2,0,1,1,1,0,0,0,3,1,2,0,0,2,1,1,3,2,1,1,0,2,2,0,1,1,1,2,1,1,1,0,0,2,2,0,1,1,0,1,1,0,2,0,0,0,0,0,1,1,1,1,1,0,0,0,2,0,0,2,1,0,0,2,1,1,0,0,0,1,1,2,0,1,2,0,1,2,1,0,3,2,1,2,0,1,3,0,1,1,0,2,2,1,1,1,1,0,0,0,0,2,0,0,0,0,0,0,0,0,0,1,0,0,0,0,1,0,1,1,1,0,1,3,0,1,1,0,0,2,0,0,1,0,0,0,1,3,0,1,0,0,2,0,3,0,3,1,2,2,1,1,0,0,1,1,0,1,0,1,1,1,1,0,2,0,1
43 Kirk Jovovich,2,1,0,0,0,0,0,0,0,2,0,0,0,1,0,2,1,0,0,1,0,1,3,0,0,1,0,1,1,1,1,0,1,1,1,0,1,1,1,1,0,0,0,0,0,0,0,0,1,0,0,1,0,2,0,1,1,1,0,1,1,3,1,2,0,0,1,1,0,0,0,1,0,1,2,0,1,1,0,0,1,1,3,1,2,2,1,2,0,0,0,1,0,1,3,1,2,0,0,1,1,1,0,1,1,0,2,3,1,1,0,1,1,1,0,2,2,1,1,0,0,2,1,0,0,0,1,0,0,0,0,0,0,2,0,3,1,0,0,1,1,1,0,1,0,0,0,0,0,0,1,0,0,1,0,1,1,1,1,1,0,1,0,2,0,0,0,1,1,0,1,0,1,0,1,0,1,0,1,1,0,2,0,0,0,2,0,0,0,1,0,1,0,0,0,2,0,0,1,0
91 Christopher Berry,0,3,1,1,0,2,0,1,1,0,0,0,0,1,1,0,1,2,0,0,0,1,0,0,0,1,1,0,0,1,0,1,1,2,1,1,0,2,1,0,1,0,0,0,0,1,0,0,1,0,1,1,1,0,0,0,2,2,0,2,0,0,4,0,0,0,0,0,1,1,1,1,1,2,0,0,0,0,0,0,0,0,1,0,0,0,0,2,0,0,1,2,0,1,0,0,0,0,0,1,2,0,0,0,1,1,0,0,1,0,0,0,0,0,0,1,0,0,0,0,0,0,0,0,0,0,0,0,1,0,0,0,0,1,0,0,0,0,0,0,0,1,0,1,0,2,2,0,1,0,1,0,0,2,0,1,0,2,0,0,1,0,0,0,0,0,1,1,1,1,1,0,2,1,0,0,1,0,2,1,0,1,0,0,1,0,0,0,0,0,0,1,0,0,0,0,0,0,1,0
140 Whoopi Hurt,0,2,3,1,1,1,1,0,0,0,2,0,2,2,2,2,0,1,1,1,1,1,0,0,1,0,0,0,0,0,0,1,2,1,1,1,2,0,2,1,0,1,0,3,0,1,0,0,1,0,0,0,0,2,0,0,2,0,0,1,0,0,1,1,1,0,0,1,1,3,1,0,1,1,2,1,0,2,1,1,2,1,2,1,0,1,0,0,0,1,0,0,1,1,1,0,0,1,1,0,2,0,2,2,0,2,3,1,3,2,1,2,0,2,1,2,0,1,1,1,1,2,1,1,1,1,1,1,1,0,2,0,0,0,0,2,0,1,1,0,0,3,2,0,1,0,0,0,1,2,2,0,0,1,0,1,0,0,1,0,1,0,0,2,1,0,0,1,1,2,0,0,1,2,0,1,2,1,0,1,1,1,0,0,0,1,0,0,1,2,1,0,1,0,2,0,0,1,0,1
189 Cuba Birch,0,0,1,0,0,1,0,0,0,1,0,0,0,1,3,1,0,0,0,0,1,0,0,1,1,1,0,0,0,0,1,0,2,1,0,1,1,2,0,0,0,1,0,2,1,1,1,1,1,1,3,1,1,1,0,1,0,0,0,1,1,0,1,0,0,0,0,0,1,1,0,0,3,0,0,0,0,1,0,1,2,0,1,0,0,0,0,0,1,1,0,1,0,0,1,1,0,2,0,0,0,0,2,0,4,1,1,0,0,0,0,1,0,0,1,0,1,0,1,1,0,1,2,1,0,0,2,0,1,0,2,1,0,1,0,2,0,0,0,0,1,2,1,0,1,1,1,1,0,0,0,0,0,0,1,1,1,0,1,3,0,0,1,1,0,1,1,0,0,1,0,0,1,0,0,0,0,2,1,0,0,0,1,1,0,0,0,0,0,0,0,0,1,2,1,2,3,0,0,1
104 Penelope Cronyn,1,1,1,0,1,0,3,1,0,0,1,2,0,0,1,1,1,1,2,1,1,1,0,0,1,1,1,0,1,1,1,0,2,2,0,1,0,1,0,0,1,3,2,2,2,0,0,2,1,2,0,1,0,0,1,1,1,0,0,1,1,1,1,0,1,0,2,1,0,1,1,1,0,2,1,3,0,1,1,0,1,0,1,0,1,1,2,1,0,0,0,2,0,2,0,1,0,0,0,0,1,1,0,2,0,1,1,2,0,0,1,1,1,0,0,0,1,0,0,0,1,0,1,0,0,0,1,1,0,1,0,0,1,0,1,0,1,0,0,1,0,2,0,1,0,0,1,0,0,2,0,3,0,2,0,1,1,0,2,2,2,1,0,0,0,0,1,1,0,0,1,0,1,0,0,0,0,0,0,2,1,1,1,0,0,0,0,1,0,0,0,0,1,0,1,2,1,2,0,0
188 Rock Dukakis,3,5,1,1,2,2,2,3,0,1,1,1,0,3,1,1,0,0,0,0,0,1,1,0,0,0,1,0,1,1,2,0,1,1,0,0,1,0,0,1,0,1,1,1,2,1,2,2,0,0,0,0,1,0,0,0,0,1,1,4,6,0,3,0,1,0,2,1,2,1,1,0,0,1,2,3,1,2,1,1,1,1,1,2,0,0,1,1,0,1,1,3,1,1,1,2,0,2,0,0,1,1,0,2,4,1,1,1,0,0,1,1,1,0,1,0,1,3,2,0,0,1,1,0,0,1,0,1,1,1,0,0,0,2,2,0,1,0,0,0,0,3,0,1,0,0,2,1,3,1,2,1,1,0,2,0,1,0,1,0,0,2,0,0,1,0,0,3,0,0,1,3,2,0,2,0,1,0,1,1,0,2,0,1,3,0,1,1,3,2,0,1,0,1,0,1,2,0,1,0
48 Frances Day-Lewis,0,0,0,0,1,0,1,2,0,0,0,1,0,0,1,0,0,1,1,0,1,0,0,0,1,0,1,0,1,0,0,0,1,1,3,0,0,1,1,3,1,0,3,1,2,0,1,0,1,4,0,0,0,1,0,0,0,2,1,0,0,0,1,2,2,0,0,1,1,0,0,0,0,0,1,0,1,0,0,0,2,0,0,0,0,2,0,1,0,0,0,1,1,1,1,0,0,1,2,0,0,2,0,1,1,0,4,1,0,0,0,0,1,2,0,0,0,0,0,1,1,1,1,0,0,0,1,0,0,1,0,0,1,0,1,0,0,1,0,1,0,2,2,0,1,0,0,0,1,1,0,0,0,0,1,1,4,1,1,2,0,0,1,0,1,0,1,1,0,0,1,0,1,0,0,0,3,0,0,1,1,0,0,0,1,0,0,1,1,1,0,1,0,1,0,1,0,0,1,1
115 Harrison Bale,0,0,0,2,2,0,0,1,1,0,1,1,0,0,1,1,2,1,2,1,0,1,1,1,0,1,1,1,0,0,1,0,1,0,1,0,0,0,0,2,1,3,0,2,2,2,2,1,2,0,1,0,1,0,0,0,0,2,1,1,2,0,1,1,0,0,2,2,1,0,1,1,0,1,0,2,0,4,0,0,1,0,0,0,2,0,1,1,0,0,0,0,0,2,2,0,0,2,0,1,0,2,0,2,1,0,0,0,2,1,0,1,1,1,0,0,1,0,4,0,0,1,2,2,0,1,2,1,0,0,1,0,1,0,1,0,1,0,0,0,0,2,2,0,1,0,2,4,1,1,1,0,2,1,1,0,1,0,1,2,0,1,0,1,0,0,4,0,0,1,0,0,2,0,1,1,1,0,1,1,0,1,2,2,0,1,1,0,0,1,1,0,1,0,0,0,0,3,2,0
180 Jeff Silverstone,0,0,1,0,4,0,0,1,0,0,2,0,2,1,0,0,0,0,1,2,1,1,0,0,0,0,1,0,1,0,0,0,0,0,2,0,0,3,2,2,1,1,2,0,1,2,0,0,0,0,0,0,1,0,1,2,0,0,0,0,2,0,0,0,0,0,0,0,0,1,0,1,1,1,0,1,1,1,1,0,0,1,0,0,0,1,1,1,1,1,1,0,2,0,2,1,2,1,1,2,0,0,0,2,1,1,0,0,0,0,2,2,1,2,2,3,1,0,1,0,0,3,0,0,0,1,3,0,2,1,0,2,2,0,0,1,0,0,0,0,0,0,0,2,1,1,0,0,1,1,1,3,0,5,0,2,0,0,0,2,0,1,0,0,1,0,2,1,2,2,1,0,1,1,0,1,0,1,0,0,0,1,1,1,1,2,1,0,0,0,1,0,0,1,1,0,1,1,1,1
198 Mary Keitel,2,2,0,1,0,2,1,1,0,1,1,1,1,0,2,2,3,0,0,4,2,1,2,0,0,2,0,6,3,1,3,2,1,3,0,0,0,0,1,2,2,2,2,1,0,2,2,2,1,2,1,2,0,0,1,0,1,2,3,1,3,1,2,1,1,0,3,1,2,1,2,2,1,1,1,1,1,3,2,2,0,0,1,2,0,2,0,2,2,0,0,1,1,1,1,0,1,1,0,0,1,2,0,1,0,1,1,1,3,0,4,1,0,0,1,1,1,1,0,2,1,2,1,0,0,2,1,0,0,0,2,1,0,2,2,3,1,0,2,0,1,1,1,2,0,2,1,2,0,3,1,2,0,0,2,0,1,0,1,2,0,1,0,0,1,0,0,2,0,0,2,0,2,0,5,0,2,1,2,0,2,1,0,1,3,1,0,0,2,0,1,2,1,1,0,2,0,0,1,2
187 Renee Ball,0,1,3,1,0,1,0,0,2,1,2,0,1,0,0,1,2,0,0,3,0,1,1,0,0,0,3,0,1,1,1,1,1,0,0,0,1,1,1,0,1,0,2,2,2,0,2,1,1,2,1,0,2,1,0,0,0,1,2,1,0,0,2,0,0,2,0,1,0,2,1,2,3,1,0,0,0,2,0,0,2,0,1,1,2,0,0,3,0,1,0,0,0,1,3,2,1,4,1,2,2,2,0,0,3,0,1,0,2,0,1,0,1,0,0,2,0,1,1,0,2,1,2,0,1,0,0,2,0,1,2,0,1,1,2,1,3,1,0,0,0,0,1,0,0,0,1,0,0,0,0,1,2,0,0,1,0,1,1,0,1,2,1,1,0,1,1,0,1,0,1,1,2,1,0,0,0,0,0,0,0,2,0,1,0,1,1,0,0,3,0,0,3,0,0,1,1,1,1,1
20 Lucille Tracy,0,1,2,2,2,2,0,0,1,0,0,1,0,2,0,0,1,0,1,0,0,2,0,0,1,2,1,1,0,1,1,1,1,0,2,0,0,0,1,0,2,1,2,0,2,2,0,1,3,2,0,1,3,0,0,1,0,1,0,4,2,0,1,2,0,0,1,1,0,0,0,1,2,2,1,1,2,2,1,1,0,0,0,1,2,2,0,0,1,1,0,1,1,0,0,1,2,0,2,1,1,0,0,1,0,0,0,0,1,0,0,2,0,0,0,2,0,1,2,0,0,3,0,0,1,0,0,1,0,0,0,0,1,0,1,0,1,0,1,0,1,1,0,1,0,0,2,2,0,1,0,0,1,2,0,0,3,2,1,1,0,0,0,1,1,1,0,0,1,1,3,0,3,1,1,3,0,1,1,1,1,0,1,1,1,0,1,1,1,0,0,0,2,1,0,1,1,0,1,2
118 Cuba Allen,2,0,0,0,2,0,1,2,3,0,2,0,0,1,2,0,0,1,1,0,1,0,0,0,1,0,2,1,0,0,0,1,1,1,1,0,0,0,1,2,2,0,1,0,2,1,1,0,1,0,1,0,2,1,0,1,3,0,0,1,2,0,1,1,2,1,5,3,0,0,2,0,0,0,0,1,1,1,0,2,0,0,2,0,1,0,2,1,3,0,0,0,2,0,1,0,0,0,3,0,1,0,0,1,2,1,0,1,0,1,1,0,0,1,0,0,1,2,1,0,0,0,0,0,0,0,2,1,3,1,0,0,0,1,1,0,0,0,0,1,1,1,1,2,0,2,0,2,0,0,0,1,0,0,1,1,0,0,0,2,0,2,0,1,1,0,0,0,0,1,1,0,1,0,1,1,0,0,0,0,0,0,1,1,1,1,2,0,2,0,0,1,2,1,0,1,1,0,0,0
36 Burt Dukakis,1,0,1,1,1,0,1,1,0,1,1,1,0,1,2,1,1,0,1,3,1,0,2,0,0,1,1,0,2,1,2,1,0,0,1,1,1,1,1,1,0,1,2,0,1,1,3,1,0,1,1,1,2,0,1,0,2,3,0,0,0,1,1,0,0,0,1,0,0,1,0,0,0,0,2,1,1,0,0,2,0,0,1,0,1,1,1,0,1,0,0,0,1,1,3,1,1,1,1,1,1,0,1,0,0,2,0,0,1,0,1,1,0,1,0,1,1,0,0,0,0,0,1,1,2,0,3,2,0,0,0,2,0,1,1,0,0,0,0,1,1,1,1,1,0,0,1,0,0,0,2,2,1,0,2,0,1,0,0,0,2,0,1,0,1,0,1,1,2,1,0,2,1,0,0,3,0,0,1,2,0,1,2,0,1,0,1,1,0,0,0,0,0,1,2,2,0,0,1,0
16 Fred Costner,0,1,1,0,0,0,0,3,0,0,2,0,0,0,1,0,1,0,0,2,0,1,1,0,1,1,0,2,2,2,1,0,1,1,3,0,0,0,1,2,0,4,0,0,2,2,2,0,1,0,2,2,0,0,1,0,0,0,0,1,0,0,1,1,1,0,0,1,0,0,2,1,1,0,0,1,1,0,1,1,1,0,0,0,2,2,0,1,2,0,0,1,0,0,1,0,2,1,1,2,0,1,0,0,1,1,0,2,1,0,0,1,0,0,3,0,0,0,1,0,0,2,0,1,1,1,2,0,1,0,1,1,1,0,1,0,1,0,1,0,0,1,0,0,0,1,0,3,0,0,0,1,2,1,1,0,1,0,1,2,0,0,2,0,1,2,1,2,2,1,1,0,1,1,0,1,0,1,0,1,0,3,0,0,0,0,0,0,0,1,0,1,1,2,0,1,1,0,2,0
34 Audrey Olivier,0,0,1,1,0,0,0,0,2,1,1,0,0,2,2,0,0,0,2,0,0,1,0,0,1,2,0,2,1,0,1,1,0,1,2,0,1,0,3,0,0,0,1,0,1,1,0,1,1,2,0,2,1,0,0,1,0,0,0,1,2,0,1,0,0,0,1,0,0,1,1,0,1,0,0,0,0,0,0,0,2,0,2,0,0,1,0,0,0,0,0,1,0,0,0,0,1,1,0,0,1,1,0,0,2,0,4,1,2,0,0,1,0,1,0,0,0,0,0,2,1,1,1,0,2,0,1,0,1,0,1,0,2,1,0,2,0,0,0,0,0,1,0,0,1,1,1,1,0,0,0,1,2,1,2,1,1,1,2,2,1,0,3,0,0,2,0,0,0,2,0,1,1,0,0,0,0,1,0,1,1,3,2,1,0,0,0,0,0,0,0,1,0,0,1,0,3,1,1,0
168 Will Wilson,0,2,1,0,2,0,0,0,0,0,0,0,2,1,0,0,1,0,0,0,0,1,3,3,1,3,0,2,1,2,1,1,3,2,1,1,1,0,1,1,0,0,0,0,2,0,1,0,1,2,2,0,1,0,0,0,0,1,2,0,0,0,1,3,1,0,1,1,0,0,1,1,1,3,1,0,1,3,0,1,1,0,0,0,0,1,3,0,0,2,2,2,1,0,0,1,0,0,2,1,0,0,0,0,0,0,0,1,0,2,0,1,1,1,4,0,0,2,1,1,0,0,1,1,2,0,0,1,0,1,2,1,3,1,0,2,1,0,1,1,1,1,1,0,1,2,1,2,0,1,0,2,0,0,1,0,0,6,2,1,1,0,1,0,1,1,0,1,1,1,0,0,1,0,1,2,0,1,0,1,0,2,0,0,1,0,2,1,0,0,2,1,0,0,0,1,1,1,1,0
166 Nick Degeneres,1,2,1,1,0,0,0,0,1,1,1,0,1,1,1,0,2,0,0,0,0,1,0,0,0,1,0,1,0,0,0,3,0,0,1,0,1,0,1,0,1,0,1,1,0,2,3,2,2,0,1,1,0,1,4,1,2,2,1,0,1,0,1,0,0,0,1,1,1,2,1,2,1,1,1,1,0,0,0,0,2,0,0,1,1,0,2,0,0,1,1,0,0,0,0,1,1,0,0,1,0,1,0,0,1,1,0,0,1,1,0,1,0,2,0,1,0,0,0,0,0,0,1,1,0,1,0,1,1,1,0,0,2,1,1,0,0,0,0,0,0,0,0,0,0,2,0,3,1,0,0,0,2,1,0,2,0,1,0,1,0,1,0,1,2,0,1,0,0,1,1,1,2,0,0,1,0,0,1,1,1,0,1,0,0,0,1,1,2,0,0,0,0,0,0,0,0,1,0,0
143 River Dean,2,0,1,0,0,2,0,0,4,1,0,0,1,0,0,3,1,1,0,0,1,1,1,0,0,0,0,0,2,1,0,2,0,1,0,2,0,2,1,0,0,1,0,0,0,1,0,1,0,0,0,0,1,0,3,4,2,1,3,2,1,1,2,0,3,0,0,0,0,1,0,1,1,1,0,0,1,1,0,1,1,2,2,1,1,2,1,1,0,1,1,0,0,1,2,1,1,0,0,2,1,0,1,2,1,0,1,1,2,1,0,2,0,2,2,2,1,2,1,0,0,0,3,2,1,0,0,1,1,0,1,0,0,1,1,0,1,1,0,0,2,1,2,1,1,3,1,0,0,1,0,0,1,0,0,2,1,1,0,1,1,1,1,2,0,0,0,0,2,0,0,0,1,0,0,2,2,0,1,1,1,0,0,0,1,3,0,0,0,0,0,1,1,0,1,0,2,2,0,0
192 John Suvari,1,0,0,0,0,1,0,0,2,1,2,0,1,1,2,1,0,0,0,0,1,0,0,0,0,0,0,1,1,2,0,3,0,1,2,0,0,0,0,1,0,0,0,1,1,0,0,0,1,1,0,0,4,3,0,3,1,1,2,0,1,1,1,2,2,2,3,1,0,0,1,2,0,0,0,1,0,0,1,1,2,1,2,0,1,2,1,0,1,0,1,1,0,1,0,2,0,0,0,0,1,1,0,0,1,3,0,1,1,2,0,0,0,1,0,2,0,1,0,0,0,0,1,3,2,0,2,0,2,1,0,0,2,0,1,2,0,0,1,1,0,0,0,0,1,4,0,0,0,1,0,0,0,1,2,3,1,0,0,1,0,0,0,0,3,1,0,0,1,1,0,0,2,1,0,1,0,0,0,2,0,1,2,0,0,1,2,0,1,0,0,0,3,0,0,0,0,4,0,1
195 Jayne Silverstone,0,1,0,0,0,0,0,0,1,0,2,3,0,0,3,1,0,1,0,1,1,1,0,1,2,0,0,0,2,0,0,0,0,1,2,1,0,0,1,1,0,0,0,2,0,0,1,1,0,0,1,0,1,4,3,0,3,3,1,4,0,0,1,2,0,2,1,1,0,0,0,2,1,1,0,2,0,1,0,0,0,1,0,1,0,0,1,0,0,0,1,0,1,2,1,0,1,0,0,0,2,0,2,0,0,0,1,1,2,0,1,1,0,1,1,3,2,1,0,0,0,2,1,0,0,0,0,0,1,2,1,1,0,0,0,2,3,0,0,2,0,1,1,0,2,0,1,0,1,2,1,1,0,1,0,2,1,0,0,2,1,3,2,1,0,0,1,0,0,2,1,0,1,1,1,1,1,0,0,0,2,0,1,1,1,0,1,0,0,0,0,1,2,1,1,0,1,0,1,0
66 Mary Tandy,0,2,1,0,2,2,1,0,1,2,2,0,0,0,1,0,1,1,0,0,1,0,0,0,0,0,0,2,0,1,1,1,0,2,0,1,2,2,0,1,0,0,0,0,1,0,0,3,2,0,0,0,2,2,1,3,0,1,1,0,2,2,2,1,1,2,1,2,0,0,1,2,0,1,0,0,1,1,0,2,0,0,0,0,0,0,1,0,1,0,1,1,0,0,2,1,0,0,4,1,3,0,0,0,0,0,0,0,2,0,2,0,2,0,0,1,0,0,0,0,0,1,1,0,0,0,3,5,0,0,0,1,1,3,3,1,2,2,0,1,1,1,2,0,0,3,3,0,1,1,0,0,1,0,3,0,1,0,1,2,0,0,1,0,0,0,2,0,1,1,2,1,1,1,1,1,2,0,1,0,0,0,0,0,1,1,2,1,0,0,0,2,0,0,2,0,1,0,0,1
155 Ian Tandy,1,1,2,1,1,0,2,0,1,0,1,0,2,2,0,1,0,0,2,3,0,0,2,0,0,0,1,0,2,1,0,1,0,1,1,1,2,0,0,0,1,2,2,0,2,1,1,0,3,0,0,1,2,1,1,3,1,0,2,2,3,2,1,1,0,0,0,2,4,1,1,1,0,0,1,1,0,1,0,0,2,0,1,0,0,0,0,1,0,1,0,0,2,2,0,1,0,0,2,0,0,0,2,1,1,0,3,1,0,0,0,1,0,1,0,2,1,0,1,0,2,1,0,0,0,1,2,4,2,1,2,2,2,1,2,1,1,1,2,2,0,1,1,0,2,2,3,1,1,0,2,1,1,2,0,0,1,1,0,0,1,3,0,1,0,2,0,0,2,0,1,0,1,2,1,2,1,1,0,1,1,1,1,0,1,1,2,0,1,0,0,0,0,0,1,1,0,2,0,0
125 Albert Nolte,0,2,0,0,1,0,0,1,1,0,0,0,1,2,0,2,1,0,0,0,3,2,0,0,0,2,0,2,0,0,1,2,0,1,1,0,0,0,0,0,1,1,1,0,3,2,0,0,0,0,0,2,1,3,2,1,1,2,0,2,1,0,1,2,1,1,3,1,0,0,1,1,0,0,0,0,0,0,0,2,3,0,0,1,0,1,3,1,0,2,0,2,2,2,0,0,0,0,1,3,1,0,2,3,1,2,0,0,0,1,1,0,1,1,1,2,1,1,0,0,1,0,1,2,0,0,1,2,0,0,1,2,1,0,1,2,1,0,0,0,2,1,0,0,2,1,2,0,0,1,1,0,3,0,2,0,2,1,1,2,1,1,0,1,2,2,1,1,0,0,0,1,1,1,1,2,1,1,0,0,1,0,1,0,2,0,0,1,0,1,0,0,1,0,0,0,0,0,2,0
107 Gina Degeneres,2,1,0,0,2,0,3,0,1,1,1,2,2,2,2,0,1,4,2,2,0,0,1,1,0,0,1,1,1,0,3,0,2,0,1,1,2,1,1,1,4,0,1,0,1,1,4,1,0,1,1,0,0,2,0,4,0,2,2,0,2,2,1,2,1,0,2,2,0,2,2,1,0,0,2,0,2,0,1,1,1,1,1,3,1,1,1,3,2,2,2,2,0,1,3,0,1,2,1,0,1,1,3,1,1,1,0,2,3,2,0,4,0,2,2,3,1,1,2,1,3,1,1,0,1,2,1,2,1,2,3,0,0,2,1,0,1,1,0,0,0,0,0,1,0,0,2,1,2,1,0,1,0,0,1,1,1,1,3,1,2,2,0,0,2,0,0,0,1,1,1,1,1,1,1,0,1,1,0,1,0,0,0,0,3,2,0,1,0,2,1,0,1,0,0,3,2,0,0,1
37 Val Bolger,3,2,0,3,1,3,0,4,3,2,3,0,1,0,1,1,0,1,1,2,0,3,0,1,3,1,2,1,1,0,1,3,0,1,2,1,0,0,1,1,6,0,2,2,3,0,2,2,0,0,2,0,1,1,1,0,2,3,1,2,0,1,1,0,1,0,1,1,3,1,1,1,0,2,1,0,0,1,1,2,2,2,0,1,0,2,1,1,1,2,0,2,0,2,1,0,0,1,1,1,1,1,1,3,2,1,2,2,1,1,1,2,2,2,2,2,1,2,1,1,0,0,2,1,1,2,2,0,0,0,0,0,0,1,2,2,0,0,1,1,1,0,0,0,1,3,2,2,1,1,0,0,1,3,2,1,0,0,1,2,0,1,0,0,1,2,0,2,0,0,1,1,1,0,3,0,1,0,0,4,0,1,0,1,0,2,0,1,1,0,1,1,0,1,1,0,2,0,1,2
163 Christopher West,0,0,0,1,0,2,0,1,0,1,0,0,0,0,1,2,0,0,0,3,0,2,1,1,0,0,0,0,0,0,0,0,0,1,1,3,0,0,0,1,0,0,0,0,1,0,0,0,1,0,0,0,0,1,1,0,2,2,0,2,1,0,1,1,2,2,0,0,1,0,0,0,0,0,0,1,1,0,0,1,0,1,0,1,0,1,1,1,1,1,0,0,0,1,2,0,0,1,1,0,0,0,0,1,0,0,1,1,1,1,0,0,2,1,0,0,1,0,2,0,0,1,1,0,0,1,0,0,1,0,1,1,0,1,0,1,1,0,1,1,0,0,1,2,1,0,0,0,1,0,1,2,0,1,0,0,1,0,0,0,0,0,0,1,0,3,0,2,0,0,1,0,1,1,1,0,0,1,1,0,0,1,0,0,0,0,1,0,1,0,0,0,1,0,0,0,0,1,1,0
171 Olympia Pfeiffer,0,2,1,0,0,2,1,0,1,1,0,0,0,0,1,1,0,0,0,0,0,2,0,0,0,0,1,1,0,0,2,1,1,3,1,1,4,1,1,1,3,1,1,0,2,2,1,1,1,1,1,1,1,2,1,1,2,1,1,1,1,1,0,1,2,1,0,1,0,1,0,0,0,3,1,1,0,2,1,0,0,0,3,0,1,2,0,1,0,2,0,1,2,1,0,2,0,0,2,0,1,0,2,1,0,0,1,1,0,0,1,1,1,1,0,1,2,0,1,0,1,0,1,0,1,0,1,0,1,0,0,2,1,3,0,1,1,1,1,1,1,1,1,0,0,1,1,1,1,2,1,2,2,0,0,0,0,0,2,0,0,0,0,1,1,0,0,0,0,2,1,2,1,0,0,1,0,0,1,1,0,0,0,0,1,0,2,1,3,0,0,1,2,2,0,0,0,2,0,1
129 Daryl Crawford,2,0,0,0,2,0,2,2,1,0,0,1,1,0,1,1,1,0,1,1,3,1,2,0,1,5,1,1,0,0,1,1,1,1,1,2,0,1,0,0,0,2,1,0,1,0,2,1,0,1,0,3,0,0,2,2,1,1,2,2,0,1,1,0,1,1,2,1,0,0,2,1,0,1,3,1,0,1,0,3,0,0,1,1,0,2,2,1,0,0,0,1,3,0,1,1,0,0,2,1,0,1,1,0,0,0,0,1,1,1,0,1,0,1,0,2,0,1,2,0,0,2,1,1,1,1,0,1,1,1,4,3,2,0,0,2,0,0,1,1,0,0,1,1,0,0,0,4,0,1,0,0,0,0,0,1,1,1,1,2,1,0,1,1,1,1,1,1,0,2,1,2,1,0,2,0,0,0,0,1,0,0,1,0,0,1,0,1,0,2,0,1,0,0,0,0,0,0,0,1
106 Groucho Dunst,1,1,0,0,1,1,2,2,1,0,1,1,1,0,1,0,1,4,0,0,1,2,0,4,1,1,1,2,2,1,1,1,0,1,0,0,0,1,0,1,1,2,0,0,1,0,0,2,0,1,0,1,0,3,2,0,1,0,1,1,1,2,2,1,0,3,0,0,1,0,0,1,0,0,0,0,2,1,0,0,1,0,1,1,0,2,1,0,0,1,1,1,0,0,1,0,1,0,0,0,0,0,0,1,1,0,1,1,0,1,1,1,2,2,2,2,1,1,0,2,1,2,1,0,2,0,0,2,0,1,1,1,2,0,1,0,1,0,0,0,0,0,1,1,1,2,1,1,2,0,1,1,0,0,2,2,1,2,0,0,0,2,1,0,0,1,1,0,0,0,0,0,1,1,1,2,1,0,0,0,3,0,1,0,1,1,0,1,1,1,1,1,1,2,0,1,3,0,2,1
122 Salma Nolte,0,1,0,0,1,2,0,1,1,1,1,2,0,0,1,1,0,1,0,3,2,0,1,2,0,0,1,1,1,0,0,0,1,1,0,0,0,0,0,0,0,0,0,0,0,2,0,1,0,0,0,0,0,0,2,2,2,0,1,0,0,2,1,1,3,0,2,1,1,0,1,4,0,1,1,0,0,1,0,0,1,2,0,0,0,0,2,1,0,0,1,0,1,0,4,0,0,1,0,0,1,0,0,2,1,1,0,0,0,1,1,0,0,0,0,1,0,2,0,0,1,1,1,0,0,0,0,0,0,0,0,2,0,0,0,3,2,1,0,2,0,0,1,0,1,0,2,0,2,0,0,2,1,1,1,0,0,1,0,0,0,1,0,0,0,2,0,0,0,0,2,1,1,2,2,2,4,0,1,0,1,0,0,0,1,0,1,0,0,0,1,0,0,0,0,0,1,0,1,0
65 Angela Hudson,2,1,0,1,0,1,0,3,0,1,1,1,1,1,0,3,2,0,0,1,1,0,0,0,2,1,2,2,0,0,1,1,1,0,2,1,0,0,0,2,2,0,2,0,3,0,1,5,1,0,1,1,1,0,3,1,1,0,3,2,1,0,0,2,0,2,0,5,1,0,0,0,1,0,1,1,0,1,0,1,2,0,1,0,1,1,2,1,1,0,1,2,1,0,1,0,0,0,1,0,2,0,3,3,2,1,1,2,1,4,1,1,0,1,0,0,0,2,1,1,0,0,1,1,1,1,2,3,0,1,0,0,1,0,0,3,1,0,1,1,1,1,0,2,0,1,1,2,3,1,0,0,1,1,1,2,2,1,0,0,0,3,0,1,0,0,0,0,0,0,1,0,1,0,0,0,0,0,0,2,0,0,1,1,0,0,1,0,1,2,0,0,2,2,1,0,0,3,0,2
173 Alan Dreyfuss,2,2,0,0,0,0,1,2,0,3,0,0,2,0,2,0,1,1,0,3,0,0,2,1,0,2,0,0,3,0,1,1,0,2,2,1,0,1,0,1,1,1,2,0,1,1,1,3,0,1,0,1,1,0,1,1,2,2,1,2,1,0,1,1,0,1,5,0,1,0,0,1,1,0,2,1,0,1,0,1,1,0,0,0,2,1,3,1,0,2,0,0,3,1,0,0,0,1,3,1,0,1,1,2,0,0,1,0,2,1,1,1,1,1,1,1,0,0,2,0,0,0,0,0,0,1,1,0,1,0,1,0,0,1,2,2,0,0,0,2,0,0,1,0,0,1,2,0,2,0,1,2,0,1,1,2,1,3,1,1,1,1,0,0,0,0,0,0,0,2,0,1,1,1,1,0,0,0,0,0,0,0,0,0,1,1,0,1,0,0,0,1,2,0,1,1,2,0,1,0
124 Scarlett Bening,0,2,0,0,0,0,1,0,0,1,0,1,0,1,2,1,1,0,1,0,0,0,1,0,0,0,2,0,0,0,1,3,0,0,0,0,1,1,1,0,2,1,1,0,2,0,0,0,0,0,0,0,1,0,0,0,0,4,0,0,3,1,0,0,1,1,1,1,0,0,0,0,1,3,2,0,0,0,2,0,2,0,2,0,0,1,2,1,1,0,1,0,0,4,1,1,0,1,1,2,0,2,1,1,2,2,3,0,0,2,1,0,0,1,2,0,0,0,1,2,3,0,0,0,1,0,0,0,2,0,0,1,0,1,0,2,0,1,1,1,0,1,2,1,1,3,0,0,2,1,1,1,0,2,0,0,0,0,1,0,1,1,0,0,0,1,0,1,0,0,1,1,1,1,1,0,1,0,1,0,0,2,0,0,2,1,0,0,0,0,0,0,1,0,2,1,0,0,0,0
47 Julia Barrymore,3,1,0,0,0,2,0,0,1,0,2,1,0,1,1,2,2,0,1,1,0,1,0,1,0,1,0,1,0,0,3,0,1,1,1,0,1,3,1,1,1,0,0,1,1,2,0,0,1,0,1,0,2,1,0,0,0,1,0,2,1,0,1,0,0,0,0,0,0,0,4,1,3,3,0,2,0,0,1,0,1,1,0,0,0,1,0,0,1,3,0,0,0,1,0,0,3,1,0,1,0,1,1,0,0,0,1,2,0,1,2,1,0,1,0,4,2,0,1,0,0,0,0,1,1,2,1,0,0,1,1,1,0,3,0,0,0,0,1,2,0,2,1,0,1,0,2,1,0,0,1,1,1,0,0,0,1,1,3,0,1,0,1,1,0,0,1,1,1,0,1,0,1,1,1,0,0,2,2,2,0,0,0,0,0,0,0,0,1,0,1,0,1,0,2,0,2,0,1,1
7 Grace Mostel,1,1,2,0,0,0,0,0,1,0,0,1,1,0,2,0,3,1,1,0,1,0,2,1,0,1,0,1,2,0,3,0,0,3,1,0,1,1,0,1,1,0,1,0,2,1,0,2,0,2,1,1,1,0,1,0,1,1,1,2,1,0,0,2,0,1,0,0,0,4,0,3,2,0,0,1,0,0,1,0,0,1,0,0,0,1,1,1,2,0,1,1,0,0,1,0,0,0,0,0,1,0,1,1,0,3,1,2,1,1,2,0,0,0,1,1,0,2,1,1,2,3,0,0,1,1,1,1,3,2,0,1,0,0,0,3,0,2,1,3,0,1,1,1,1,0,1,2,0,3,1,0,2,1,1,1,0,0,1,0,0,2,0,1,3,1,0,2,0,0,1,1,1,1,2,2,0,0,0,3,0,1,0,1,1,0,1,1,0,0,1,0,0,0,2,2,4,2,2,1
136 Ed Mansfield,2,0,0,0,1,1,1,0,0,1,2,2,0,1,1,0,2,2,0,0,0,0,1,1,0,2,1,1,0,2,2,1,2,3,0,1,1,0,0,1,0,0,1,1,2,2,1,0,0,1,0,1,2,1,2,2,2,1,1,1,1,0,0,1,1,4,0,1,0,1,3,0,1,1,1,1,1,0,1,2,1,2,2,2,2,0,2,1,1,1,0,0,0,0,3,3,2,0,2,1,1,1,1,1,1,2,0,0,1,3,1,1,1,1,0,3,0,3,1,3,0,2,0,1,0,0,1,2,0,1,2,1,0,0,1,3,2,0,0,1,1,0,1,0,0,1,0,0,0,0,0,2,1,1,2,1,0,2,0,2,0,0,0,0,1,2,1,2,0,0,5,1,1,1,2,1,0,2,1,0,0,0,1,1,0,1,0,0,0,0,1,0,1,1,1,1,0,0,1,0
167 Laurence Bullock,1,0,1,1,0,0,0,0,0,1,1,0,1,0,1,0,1,0,0,1,0,1,0,0,1,1,0,1,0,3,1,2,1,1,1,0,1,1,3,0,0,0,0,1,1,3,2,0,0,1,1,1,1,1,0,1,0,0,0,0,0,0,0,0,0,0,1,1,1,3,2,1,0,2,2,1,0,0,0,0,0,0,1,0,0,1,0,1,1,2,1,0,0,1,1,2,1,0,0,2,3,0,2,0,0,1,0,0,0,0,0,0,1,0,1,0,0,1,3,0,1,3,0,1,1,2,2,1,0,0,1,2,0,0,0,1,1,0,0,3,1,0,2,0,0,1,2,0,0,0,1,0,1,0,1,1,0,1,1,1,0,0,2,0,1,1,4,0,3,1,2,1,1,1,0,2,0,2,0,0,0,2,1,0,1,0,1,1,0,0,0,0,3,1,1,1,3,0,0,0
150 Jayne Nolte,3,0,1,0,2,5,0,0,1,4,2,1,0,2,0,0,1,0,0,0,1,1,2,2,0,1,0,0,0,3,1,2,1,3,1,1,2,1,0,2,1,0,1,1,1,1,2,0,0,0,0,3,1,1,0,1,1,0,0,0,2,0,3,1,0,1,0,0,3,3,0,1,2,0,1,2,0,2,0,2,1,1,1,0,0,1,1,0,0,0,0,0,1,3,0,1,1,0,2,3,0,1,1,1,3,1,2,4,1,1,1,0,3,1,1,3,1,0,3,1,0,1,1,1,0,0,0,0,0,0,0,1,0,1,1,1,3,1,1,1,1,3,1,0,0,0,0,0,0,2,3,3,0,1,3,1,0,0,3,0,0,0,0,0,0,0,0,1,1,0,2,1,1,1,3,1,0,1,2,1,0,0,0,0,1,1,1,1,0,1,1,1,2,2,0,0,2,0,0,2
22 Elvis Marx,3,2,1,2,0,1,0,1,0,0,0,1,4,1,2,0,2,0,1,1,1,1,2,1,1,1,0,1,2,0,0,0,0,0,0,2,0,2,0,1,2,1,0,0,1,0,1,0,2,0,0,1,1,0,0,0,0,1,0,2,1,0,1,3,0,1,1,2,2,0,0,1,2,1,0,0,0,3,0,0,1,0,1,2,1,1,0,2,0,1,0,1,1,0,0,3,1,0,0,1,0,2,0,1,1,1,1,0,0,2,1,2,1,0,1,1,0,2,1,1,2,2,1,0,0,2,1,0,0,0,0,1,1,0,1,2,0,0,0,1,0,0,1,1,0,1,1,1,2,1,0,0,0,0,1,0,1,0,0,2,1,0,0,1,1,0,2,0,0,1,1,1,1,2,0,0,0,0,0,0,1,1,0,0,0,2,0,2,2,1,1,1,0,1,1,0,0,1,0,0
40 Johnny Cage,4,1,1,1,0,1,0,0,0,0,1,1,0,1,3,0,1,1,0,0,0,1,0,1,0,0,1,1,1,3,3,1,0,3,2,0,0,1,0,3,3,0,2,1,1,0,1,1,1,1,0,0,1,0,1,2,0,1,0,0,0,1,1,1,0,0,1,1,0,2,1,1,1,2,0,0,1,3,1,1,1,0,0,1,0,1,0,1,0,0,1,1,2,1,1,1,0,1,3,0,2,1,1,1,1,1,1,1,3,2,2,0,0,0,3,2,1,1,0,1,0,0,2,1,1,3,1,0,1,0,1,2,1,1,0,0,2,0,0,1,0,2,0,1,0,0,1,0,1,1,1,3,0,1,0,1,0,0,2,0,0,0,0,2,1,1,1,1,2,3,0,3,1,0,3,0,0,1,0,1,0,0,0,0,2,1,1,1,2,0,0,0,1,0,0,0,1,0,1,2
162 Oprah Kilmer,0,1,0,1,0,1,0,0,0,1,0,1,2,1,2,0,1,1,1,0,0,1,1,0,1,0,1,2,0,0,2,0,1,1,0,1,0,0,0,0,1,1,0,1,1,0,2,1,1,1,0,1,0,1,0,0,1,0,0,2,0,1,0,0,2,0,0,0,0,0,0,1,0,0,0,1,0,1,1,1,0,1,1,0,1,1,0,0,1,0,0,1,1,0,0,0,2,0,0,1,1,1,1,1,0,2,2,3,1,1,2,1,0,1,3,0,1,1,2,1,0,1,0,0,2,1,3,0,0,0,1,0,1,0,0,1,1,0,0,3,0,1,0,0,0,0,1,2,0,1,0,1,1,1,0,1,0,0,1,2,2,0,0,2,0,2,0,2,1,0,1,1,1,0,0,1,0,1,0,2,1,0,1,1,0,0,1,1,1,1,0,1,1,0,0,1,1,1,0,0
108 Warren Nolte,3,2,1,3,0,2,2,0,0,0,1,0,1,0,2,0,2,1,0,1,1,1,1,1,1,2,0,0,1,1,2,1,2,2,0,1,0,2,1,1,2,0,4,1,3,2,2,1,0,0,0,3,0,1,0,1,1,1,0,0,1,0,2,1,1,1,1,1,0,0,0,0,0,2,3,3,1,0,1,1,2,0,3,2,1,1,0,1,0,0,0,0,0,1,1,2,1,2,1,2,1,1,1,1,1,1,2,0,0,0,0,0,0,0,1,2,0,1,1,0,0,1,2,6,0,1,2,1,0,3,1,0,2,0,0,2,1,0,0,0,3,1,0,0,2,0,1,1,3,1,1,3,0,0,1,0,1,0,1,1,1,2,1,1,2,0,1,0,1,4,0,0,1,1,0,2,1,1,1,2,2,1,0,0,0,2,0,0,3,3,2,0,0,1,1,0,1,0,3,2
30 Sandra Peck,1,0,0,1,0,1,0,1,1,0,0,2,1,0,2,1,1,0,1,1,0,1,0,0,0,0,0,0,1,2,1,0,1,1,0,0,0,1,0,1,1,0,0,1,2,0,1,0,0,1,0,0,0,0,1,0,0,0,0,1,1,0,1,0,0,0,0,0,2,1,1,1,0,0,0,1,1,1,0,0,0,0,0,0,1,1,0,0,1,1,1,0,1,1,0,0,1,2,0,1,0,3,1,0,0,0,1,0,1,0,1,2,0,2,1,1,0,0,0,0,1,0,1,2,1,1,1,0,3,1,0,1,1,0,0,0,1,0,0,1,0,1,1,2,0,3,0,1,1,0,0,2,0,2,1,1,0,0,0,1,0,0,0,0,1,1,1,0,0,0,1,1,1,0,2,0,0,0,0,1,0,1,1,1,1,2,0,0,0,0,0,0,0,1,1,0,0,1,0,1
11 Zero Cage,2,2,1,1,3,0,2,1,0,0,1,3,0,0,2,1,0,1,0,1,0,1,1,1,0,2,2,0,0,0,0,0,0,1,0,0,0,1,1,0,1,0,0,0,2,0,1,2,2,1,0,1,0,1,1,0,2,0,2,1,2,1,0,3,0,0,1,1,0,0,0,2,0,2,0,1,1,1,0,0,1,2,1,3,0,1,1,0,1,1,2,0,4,1,1,1,0,0,1,1,0,0,0,1,0,1,0,1,1,0,0,0,0,0,2,0,1,1,1,0,0,1,1,2,0,0,2,0,1,0,2,1,0,1,0,1,0,0,0,0,1,2,0,2,0,3,1,2,0,0,0,0,2,1,1,0,1,0,2,1,2,0,0,1,0,0,0,0,1,1,0,0,0,0,1,0,0,1,2,0,0,1,0,0,1,1,0,0,1,1,0,1,0,1,0,0,0,0,1,0
128 Cate Mcqueen,2,1,1,0,1,0,1,1,1,2,0,0,1,1,2,0,0,0,0,0,0,1,1,0,1,0,0,2,2,0,0,1,0,0,0,1,0,2,2,1,1,2,1,0,0,2,0,0,0,1,2,1,2,1,2,0,0,2,3,1,2,0,0,0,1,1,2,1,2,1,0,1,0,1,1,1,0,2,0,1,0,1,0,2,2,1,0,1,1,2,0,1,1,0,0,1,2,0,1,0,1,1,2,2,0,0,1,1,2,1,1,2,2,0,0,1,1,1,0,0,2,0,2,0,0,2,0,1,0,1,0,0,3,2,1,1,2,0,0,0,0,0,1,0,1,1,0,2,2,1,1,0,2,0,1,1,0,0,0,1,1,0,0,0,1,0,2,2,0,2,0,0,0,0,1,1,1,0,1,1,1,1,0,0,1,1,0,1,0,2,0,2,0,1,0,3,1,0,1,0
55 Fay Kilmer,1,0,0,1,1,1,2,2,0,0,2,0,1,0,0,1,0,1,3,0,0,0,1,1,0,1,2,0,1,0,0,0,0,0,1,1,0,1,0,0,1,0,0,1,0,0,0,0,0,0,0,0,0,2,1,1,0,0,0,1,2,1,0,0,0,2,0,0,0,1,1,2,0,1,0,0,1,0,0,2,1,0,1,1,0,1,1,2,1,0,0,1,0,1,0,0,1,0,2,0,0,0,0,0,1,2,1,0,0,0,1,1,1,1,0,2,0,1,1,0,2,1,0,0,0,0,2,0,1,0,1,0,0,0,0,0,1,1,0,0,0,0,0,1,0,1,0,1,1,0,1,1,1,0,0,1,0,1,2,1,0,0,0,1,0,1,0,1,0,1,0,1,0,0,1,0,0,0,0,0,1,1,0,1,1,1,0,0,2,2,0,1,0,1,0,1,1,0,0,0
191 Gregory Gooding,2,0,2,1,0,0,2,0,1,1,0,2,0,1,1,0,1,1,0,0,2,0,1,0,0,0,2,0,1,2,1,3,1,0,1,3,1,2,1,1,1,0,0,0,1,1,0,2,1,0,2,0,0,2,2,0,0,1,0,1,0,0,3,1,1,0,1,0,2,0,0,2,1,1,1,0,1,3,0,1,0,1,0,1,3,3,2,2,0,0,0,1,2,0,2,0,1,0,0,1,1,1,0,2,2,1,2,1,3,2,0,0,0,0,2,0,1,0,0,0,1,0,4,0,2,0,4,1,2,0,0,1,2,1,2,0,0,0,1,1,1,1,2,0,0,1,1,1,1,0,0,2,0,0,0,2,0,3,2,0,1,0,0,0,0,2,0,1,0,0,1,1,0,1,1,1,1,3,2,1,0,3,2,1,0,1,2,0,0,1,0,1,3,2,0,1,1,0,0,0
76 Angelina Astaire,2,3,0,1,2,1,1,0,0,1,0,1,1,1,0,1,0,1,1,0,0,1,0,1,2,1,0,0,0,0,0,1,1,1,1,1,0,1,0,0,2,0,0,0,2,1,1,0,0,0,0,0,1,1,0,1,0,0,1,3,1,1,0,1,1,0,0,0,0,0,0,2,0,0,2,1,0,2,0,3,2,1,1,0,3,0,0,0,0,1,0,1,0,0,1,2,0,0,2,1,0,0,1,0,2,0,0,0,0,0,1,1,1,0,1,1,0,1,0,0,2,0,0,0,0,3,0,1,1,1,1,0,2,2,1,1,3,0,1,1,0,2,1,1,0,1,2,2,1,0,1,2,2,0,1,0,0,2,0,0,2,0,0,1,2,1,3,0,0,0,0,0,0,0,0,1,2,0,1,2,2,0,0,0,1,1,0,0,0,2,3,1,0,1,1,0,1,0,0,2
200 Thora Temple,2,0,1,0,0,1,0,0,0,0,1,0,1,0,1,0,1,0,1,1,0,0,0,1,2,1,2,0,1,1,0,0,0,0,1,2,0,0,0,1,0,0,2,0,0,2,2,1,1,2,0,0,1,1,1,0,0,0,0,1,0,0,1,0,0,0,1,2,0,0,0,2,0,0,1,0,1,1,1,0,2,0,3,3,0,1,0,0,0,0,0,0,0,0,2,0,1,0,0,0,0,1,0,0,0,0,0,1,0,1,0,0,0,0,2,1,0,1,2,1,1,0,0,0,1,0,1,3,1,1,0,0,2,1,1,2,2,1,0,0,0,0,0,0,0,0,0,0,0,0,0,1,1,0,0,1,1,2,1,0,0,0,0,0,0,0,1,2,0,1,0,0,0,0,0,1,0,3,0,2,0,0,2,0,0,1,0,0,1,0,0,2,0,2,1,1,0,0,1,0
81 Scarlett Damon,3,0,0,0,2,3,1,0,2,1,2,0,1,0,0,0,1,2,0,1,2,0,3,1,0,1,1,1,2,0,0,1,1,0,1,2,0,1,0,1,0,2,0,1,2,0,2,0,1,2,1,1,0,2,2,0,0,0,1,1,2,1,2,2,2,0,1,1,1,1,1,0,1,1,1,1,1,1,1,1,1,1,3,0,1,0,3,3,1,3,1,3,0,3,1,0,1,0,0,2,2,0,1,1,0,0,1,1,1,0,0,0,0,2,2,3,0,0,1,2,1,0,1,1,0,0,0,0,0,0,0,2,2,0,1,0,0,0,0,3,1,0,1,0,0,2,0,0,3,2,0,1,0,0,4,2,2,3,3,1,1,1,2,2,0,2,2,1,1,1,1,1,0,1,1,0,0,0,0,2,2,2,0,1,0,1,1,0,1,0,3,0,2,3,0,0,0,4,2,2
177 Gene Mckellen,0,1,0,1,1,0,1,1,1,0,1,2,1,1,2,1,0,0,0,1,0,0,1,4,0,3,1,0,1,0,0,3,0,0,0,1,0,0,0,2,1,0,1,1,0,0,0,2,1,0,0,3,2,1,1,1,1,0,3,1,1,1,0,2,1,2,2,3,2,0,1,2,0,1,0,0,0,0,0,1,0,1,2,0,0,3,0,5,1,2,1,2,2,0,3,0,0,0,1,1,0,0,0,3,0,1,0,0,1,0,0,0,0,1,1,0,2,0,2,0,0,1,0,0,2,0,1,0,1,1,0,0,1,0,1,2,0,0,0,2,1,0,2,0,0,1,1,1,1,0,0,1,1,1,1,1,0,3,1,0,0,0,0,1,0,0,0,1,0,1,1,0,0,0,2,0,0,0,1,0,0,2,0,1,1,1,2,1,0,1,1,0,2,1,1,0,0,0,1,2
176 Jon Chase,3,1,0,0,0,1,1,1,2,1,0,1,1,0,2,1,0,0,1,1,1,0,1,0,1,2,3,1,1,0,0,2,1,1,0,2,2,0,0,1,1,1,1,1,2,3,0,1,0,1,0,0,0,1,0,0,0,1,1,3,1,1,1,1,0,1,1,1,1,0,1,1,1,0,2,1,0,1,0,0,1,2,2,0,0,3,5,0,2,1,2,3,0,0,0,1,0,1,0,2,1,0,0,1,4,1,0,1,0,1,0,0,0,0,0,2,0,1,0,0,0,2,1,0,2,3,1,1,1,2,1,0,2,0,0,0,2,0,0,0,0,0,0,0,0,0,1,0,0,0,1,0,1,0,3,1,0,3,1,0,0,1,0,1,1,1,0,1,2,0,3,0,0,0,1,2,0,1,1,0,1,2,0,0,0,1,2,1,1,2,0,0,1,0,1,1,2,0,1,0
135 Rita Reynolds,0,0,0,0,0,0,1,2,1,0,1,0,0,1,0,2,1,0,1,0,0,0,0,0,1,2,1,2,0,0,0,2,0,3,0,0,0,0,1,0,0,0,0,1,2,0,1,3,1,2,0,0,0,0,1,0,1,0,0,2,1,1,0,0,0,0,1,0,1,1,2,1,1,0,0,0,1,0,1,1,1,1,0,0,0,1,1,2,0,2,1,2,0,0,0,1,1,0,1,0,0,0,0,1,1,0,0,0,0,0,2,0,0,0,1,0,0,1,1,0,0,2,1,1,1,2,1,0,3,0,2,1,0,0,0,0,0,0,1,0,0,0,3,0,0,1,0,1,0,1,1,0,0,0,1,0,1,0,0,2,0,2,2,2,0,1,0,0,0,0,0,1,0,2,0,0,0,0,1,2,1,0,0,1,0,2,0,1,0,1,0,0,0,0,0,0,0,0,0,2
149 Russell Temple,3,1,0,1,1,1,0,1,1,0,0,1,0,0,1,1,0,1,0,0,1,4,0,1,1,2,2,1,0,1,0,0,2,0,2,0,0,1,1,0,1,0,0,1,0,1,1,0,0,0,0,2,1,1,0,0,0,1,2,2,2,1,2,0,1,0,0,2,0,3,0,1,2,0,1,0,0,0,1,1,2,0,0,1,0,3,2,1,2,0,1,1,0,1,0,0,0,0,2,1,1,1,3,1,3,0,0,0,0,0,3,2,1,2,2,0,1,2,2,2,0,0,0,1,0,2,0,0,1,0,2,1,1,0,1,1,1,0,1,2,0,0,0,0,1,2,2,2,1,0,1,1,2,0,0,0,0,3,0,0,1,0,0,0,0,1,2,1,1,0,1,1,0,1,0,0,0,1,0,1,1,1,1,0,1,2,2,2,1,0,1,0,0,1,0,1,0,1,0,0
8 Matthew Johansson,1,3,0,0,1,0,1,0,2,1,0,0,1,0,0,0,0,0,0,0,0,0,1,1,0,0,1,0,0,0,0,0,0,0,0,0,1,0,0,0,1,0,0,1,0,0,0,0,0,0,0,2,1,1,1,1,1,0,0,2,0,0,0,0,1,1,1,0,1,0,1,0,1,0,0,1,0,0,1,2,0,0,0,0,0,1,1,2,1,1,0,1,0,0,1,0,1,1,0,0,2,1,1,0,0,0,1,1,2,0,1,0,1,0,2,1,1,2,1,1,0,3,3,2,2,1,0,0,0,0,1,0,0,0,1,0,2,0,0,1,1,0,1,1,2,0,1,0,0,1,0,1,0,0,0,0,0,0,2,2,0,1,1,0,0,0,0,0,0,0,0,1,0,0,1,1,0,1,0,2,0,0,0,0,0,3,1,0,0,0,0,0,0,1,0,0,0,0,1,0
38 Tom Mckellen,0,0,1,0,0,0,0,2,1,0,1,0,1,1,0,0,0,1,0,0,1,0,1,0,2,1,1,0,1,0,1,0,0,0,0,1,2,0,1,2,3,1,0,0,1,0,1,0,0,1,1,2,0,0,1,0,1,0,2,2,2,0,1,1,1,0,2,0,0,0,1,0,0,0,1,1,1,0,0,0,1,1,1,1,0,3,2,3,2,1,1,0,1,0,0,2,0,0,0,1,1,2,1,0,0,1,0,0,0,1,2,0,0,0,1,0,1,2,0,0,0,0,1,0,0,2,0,0,1,0,0,0,0,2,1,1,0,0,0,0,0,1,2,0,0,1,1,0,0,1,1,0,0,0,3,4,0,2,3,1,0,2,0,0,1,1,1,1,0,0,2,1,0,0,0,0,0,0,1,0,2,3,1,0,1,1,0,1,1,0,0,0,0,0,1,0,1,0,0,1
72 Sean Williams,1,0,1,1,0,0,0,0,1,0,0,1,0,1,1,0,0,2,0,2,0,1,1,1,0,0,2,0,1,1,1,0,0,1,2,0,0,1,0,0,1,1,0,2,1,0,1,2,1,0,0,1,0,0,0,1,0,2,2,0,0,0,2,3,0,1,1,3,0,0,0,0,0,1,1,2,1,0,1,4,1,0,2,0,0,0,2,0,0,0,0,1,0,1,0,0,1,0,1,0,0,0,2,0,0,2,0,2,1,0,0,3,2,0,0,1,3,0,1,1,0,1,4,0,1,1,2,1,2,1,4,2,1,1,0,1,0,1,1,1,0,1,0,1,1,0,0,2,0,2,1,2,1,0,0,0,0,2,1,0,1,0,0,1,1,0,0,0,1,0,0,0,0,1,0,1,1,0,1,0,2,0,0,0,3,2,1,0,1,0,1,0,0,2,1,0,0,1,1,1
117 Renee Tracy,0,0,0,0,1,0,1,2,2,1,0,0,0,0,1,1,0,1,1,1,1,1,1,2,0,0,1,1,0,1,0,2,0,0,1,1,1,1,0,2,1,1,2,0,1,1,0,0,1,0,0,0,0,1,1,2,0,2,2,1,2,1,1,0,0,0,0,1,4,1,0,0,1,3,0,1,0,1,1,1,0,1,0,0,0,3,0,0,0,1,0,0,1,0,4,0,0,1,1,2,2,0,0,1,1,0,1,1,2,0,1,1,1,0,2,0,0,0,0,1,0,0,0,1,0,1,1,1,0,1,1,0,0,3,0,1,1,1,2,3,0,2,0,0,1,0,1,0,2,1,1,0,0,2,0,2,3,0,0,0,0,0,0,2,0,1,2,1,0,0,1,2,0,2,1,0,0,1,1,2,1,1,1,3,0,1,2,1,2,1,0,0,0,1,0,0,0,1,2,0
105 Sidney Crowe,1,0,0,1,1,0,1,1,1,1,1,3,0,1,3,2,1,0,0,1,1,0,1,4,0,0,1,2,3,0,1,1,2,0,0,3,0,1,1,0,1,1,2,2,1,3,0,1,3,1,0,0,0,2,0,1,2,0,0,3,1,2,0,1,1,4,1,0,1,0,1,3,1,0,0,1,0,1,0,1,0,0,2,1,2,1,3,0,0,0,1,0,0,4,0,1,2,1,1,4,1,0,0,0,0,1,0,0,2,1,0,0,0,2,1,0,0,2,1,1,0,1,1,3,0,1,2,1,1,1,1,0,0,0,2,3,3,0,0,3,2,1,0,0,1,2,0,0,2,0,0,0,0,1,1,0,2,1,2,1,0,0,1,1,1,0,2,2,2,0,2,2,0,1,1,1,1,3,0,0,1,1,2,0,1,1,1,0,0,2,1,0,1,2,1,1,2,0,1,2
159 Laura Brody,4,1,0,0,0,0,0,0,0,2,1,1,2,1,2,0,0,0,0,1,0,0,0,0,1,0,1,1,0,2,1,2,0,1,0,1,0,0,1,1,2,0,0,1,0,2,1,0,1,0,0,1,1,1,2,0,1,1,0,0,0,0,2,1,0,0,0,0,1,0,0,3,2,1,3,1,0,2,0,1,1,0,0,2,0,0,0,1,1,0,0,2,0,0,1,0,1,1,2,4,1,0,1,0,1,2,1,0,1,0,0,0,0,2,0,1,0,3,1,0,1,2,0,1,0,1,0,1,2,2,1,1,2,1,0,1,0,1,1,0,0,1,0,0,1,3,1,0,1,1,1,1,0,0,1,0,0,0,0,0,0,0,0,0,2,0,0,0,1,2,1,0,0,1,0,1,0,0,1,3,2,0,0,0,0,1,0,2,0,0,2,0,0,1,0,1,2,3,0,0
18 Dan Torn,1,0,0,0,0,2,1,1,0,0,1,2,2,0,1,1,0,0,0,1,0,0,2,0,0,0,1,1,0,0,2,1,0,0,2,2,0,0,0,0,0,0,0,2,1,1,2,0,1,2,1,0,1,1,0,1,0,0,0,1,0,0,0,0,1,0,0,0,0,3,0,2,1,1,1,0,2,1,1,0,2,1,1,0,1,1,0,0,1,0,1,0,1,0,2,1,0,1,1,1,2,1,0,1,0,1,0,2,0,0,0,1,0,0,0,0,0,1,2,0,0,0,1,1,3,1,0,0,1,1,1,0,0,3,0,2,1,0,1,0,1,0,0,1,1,1,1,0,0,1,0,0,1,1,0,0,0,0,0,0,0,0,2,0,0,1,0,0,1,0,1,1,0,1,0,2,0,0,3,1,0,0,0,1,0,2,0,0,0,0,0,2,0,0,1,0,1,0,0,0
73 Gary Penn,0,2,1,0,0,1,1,0,1,0,2,0,0,1,0,0,1,1,1,2,1,0,0,1,2,0,1,1,0,0,1,0,0,0,1,0,0,1,2,0,2,1,2,1,1,4,0,0,1,1,1,0,0,0,0,0,0,0,0,2,1,1,0,0,0,1,0,1,1,1,0,0,0,0,0,1,0,2,2,0,0,0,0,0,0,0,0,1,0,0,1,0,0,1,1,1,1,0,1,1,0,2,0,0,4,1,0,0,0,1,0,0,1,0,0,0,0,1,0,0,0,1,1,0,0,0,0,0,2,0,1,1,0,0,1,0,1,1,0,0,1,2,3,1,0,0,2,1,1,0,0,0,0,1,0,0,1,0,0,0,0,1,2,0,2,0,0,1,0,0,0,1,0,2,1,0,0,1,2,1,0,0,0,2,4,1,1,0,0,1,0,0,1,0,0,1,0,0,2,1
97 Meg Hawke,2,0,0,1,1,4,2,1,2,2,3,1,1,0,1,0,0,1,0,0,0,2,1,1,1,1,0,2,0,2,2,2,2,1,1,0,0,1,0,0,0,2,0,1,0,1,2,3,1,1,0,2,0,0,0,0,4,2,1,1,1,1,2,2,0,0,1,3,1,0,0,2,0,2,0,3,0,1,0,1,1,2,0,2,0,0,1,0,1,2,0,0,1,1,1,2,1,1,0,3,0,1,2,1,0,0,1,0,1,0,0,0,0,0,3,0,0,0,0,2,0,1,0,0,0,0,2,1,1,0,0,1,0,2,1,2,2,1,0,0,0,1,1,0,0,2,3,0,0,2,0,1,0,0,2,0,1,2,1,0,1,0,2,0,0,0,0,1,0,1,1,1,0,0,1,1,1,0,0,0,0,0,1,1,3,2,1,1,2,0,0,1,1,2,1,1,0,0,0,2
82 Woody Jolie,1,2,0,1,0,0,0,0,2,1,2,0,0,0,2,0,0,1,0,1,0,0,0,0,0,2,0,1,0,3,0,4,1,0,0,1,1,0,0,0,0,0,1,2,0,2,1,0,1,2,0,1,1,2,0,0,1,0,3,0,1,0,0,1,0,0,0,1,2,1,0,1,2,3,1,0,1,2,1,1,0,0,1,1,0,2,1,2,0,1,0,1,0,2,4,4,1,1,3,0,0,0,0,1,1,1,0,1,1,1,1,2,0,0,1,0,0,2,1,1,0,0,2,2,1,1,1,0,1,1,1,2,0,0,0,0,2,1,0,0,0,2,1,1,2,0,2,2,1,1,0,2,2,0,4,0,0,1,1,3,0,0,3,0,1,1,1,2,1,1,1,2,0,1,1,1,1,1,1,2,1,3,1,0,1,1,1,3,0,1,0,0,2,0,2,0,0,0,0,2
142 Jada Ryder,1,2,1,1,0,0,1,1,1,0,0,1,1,1,0,2,1,1,0,0,0,0,0,0,0,0,0,0,2,2,0,1,0,2,0,1,2,2,0,1,1,0,0,0,1,2,1,1,1,0,1,0,0,1,1,2,3,0,1,1,1,0,1,0,0,1,2,0,0,0,1,1,3,0,0,2,1,1,0,0,1,0,1,0,0,2,0,1,0,1,2,1,0,2,1,1,2,0,0,0,0,1,2,1,2,1,3,1,1,2,0,0,0,0,0,1,0,1,0,1,0,1,0,0,0,1,0,1,0,1,0,1,0,1,1,1,0,0,0,2,0,1,0,0,0,0,1,1,1,1,2,0,1,1,2,0,0,0,1,0,1,1,1,0,0,0,2,1,0,1,2,1,0,1,0,0,1,0,1,1,1,0,0,2,0,2,1,0,0,0,0,0,1,2,0,0,2,1,1,0
156 Fay Wood,1,1,1,0,0,2,0,2,0,0,0,3,0,1,0,0,1,0,1,0,1,0,1,1,0,0,0,0,0,2,0,0,1,2,0,1,0,0,0,1,1,2,2,0,2,2,0,0,0,1,1,0,1,0,1,0,0,0,0,1,1,0,0,1,0,0,0,1,2,1,0,1,0,1,2,1,1,1,3,0,1,0,1,0,1,0,0,0,0,1,1,2,0,0,0,0,1,2,1,0,1,0,2,1,1,0,1,2,3,2,0,0,0,1,0,0,0,1,1,1,0,0,0,0,1,0,0,0,0,0,0,2,0,2,0,0,3,0,0,0,0,1,1,0,0,1,1,0,2,0,0,1,0,0,0,1,1,0,1,2,0,2,0,0,1,0,2,1,0,0,1,0,0,1,1,0,0,0,0,2,0,0,1,0,0,2,1,0,0,0,0,1,1,1,1,0,0,0,0,1
185 Michael Bolger,2,1,1,1,0,1,1,2,2,0,0,1,1,1,0,2,0,0,0,2,1,4,0,1,1,2,1,0,0,2,3,0,0,0,1,0,0,2,2,0,0,0,0,0,0,0,0,0,1,0,0,0,0,1,0,2,0,2,2,3,1,0,2,1,0,0,3,1,1,1,1,1,2,1,0,1,1,1,1,0,2,0,0,1,0,1,0,0,0,3,1,1,2,0,0,1,0,0,2,0,2,2,0,0,0,1,1,1,1,2,0,5,1,2,2,2,1,0,1,0,1,1,1,1,0,1,2,1,0,0,1,1,0,0,1,0,1,0,1,1,0,3,0,1,1,0,0,0,2,2,1,2,2,1,0,0,0,0,1,0,0,0,0,0,1,0,0,1,1,0,1,1,0,0,1,0,0,0,0,1,1,0,2,0,0,1,1,1,0,1,1,0,1,2,0,0,1,0,0,1
84 James Pitt,1,1,2,2,1,0,1,2,0,1,0,1,1,0,1,0,1,0,0,2,0,1,1,1,1,2,1,1,2,1,0,2,0,2,1,1,0,2,0,2,2,1,2,2,1,0,1,1,0,0,0,0,0,2,0,0,0,1,3,1,3,1,1,0,1,2,3,2,1,0,1,1,0,1,1,1,1,1,0,1,2,0,2,0,0,1,3,1,1,1,0,0,0,1,0,0,1,0,1,1,1,1,0,0,1,2,2,4,1,1,1,1,0,0,2,1,2,0,3,1,0,0,0,2,0,2,0,0,0,1,0,2,0,1,0,3,0,0,0,0,1,2,1,0,0,1,2,1,0,2,2,0,1,1,0,2,1,0,1,1,0,1,0,0,0,0,1,2,0,2,0,1,0,2,1,3,2,0,0,1,0,1,1,1,1,1,1,0,0,2,1,0,1,0,0,0,0,1,1,1
94 Kenneth Torn,3,2,1,0,0,1,0,0,1,1,1,0,1,0,2,2,1,0,1,1,0,1,0,0,1,0,2,1,0,2,1,1,3,1,2,1,1,0,4,0,4,1,1,1,0,3,0,2,0,1,2,0,1,1,1,0,0,1,1,1,2,0,0,0,1,1,2,0,2,0,0,1,0,3,1,1,0,1,0,0,0,1,2,2,0,0,0,4,1,3,0,0,0,1,0,1,0,4,0,1,2,1,0,1,0,4,3,1,1,3,1,0,0,2,1,0,0,1,0,1,0,2,0,0,0,2,3,1,1,1,1,0,2,0,1,0,3,0,0,1,0,0,1,0,2,2,0,0,0,1,3,0,0,0,2,0,3,1,1,3,0,1,2,0,0,2,0,1,1,0,0,0,0,0,0,0,0,1,1,0,2,0,0,0,1,1,2,0,1,1,1,0,4,1,1,0,2,2,0,0
99 Jim Mostel,2,2,1,0,1,1,1,1,0,0,0,3,1,1,2,0,1,0,1,2,0,0,0,0,1,1,0,1,0,2,1,1,0,2,0,0,1,2,1,1,1,0,0,1,1,0,0,1,2,1,0,0,1,0,3,0,0,0,2,1,1,0,0,0,0,1,1,0,2,0,3,2,1,1,1,1,2,1,0,1,0,2,1,0,0,0,1,1,0,0,0,1,2,0,1,2,1,1,0,1,1,0,1,2,4,0,1,2,1,1,2,0,0,0,1,2,0,1,1,0,1,1,1,0,0,2,1,0,3,0,1,1,0,0,0,2,0,1,1,0,1,0,0,0,1,2,0,1,0,0,0,1,3,2,3,3,0,0,1,0,1,0,0,0,0,1,0,3,3,0,1,0,0,1,0,1,1,1,4,1,0,2,0,0,2,1,1,1,0,0,0,0,2,0,2,0,0,1,0,0
144 Angela Witherspoon,2,1,1,0,0,0,1,1,2,1,1,1,0,2,0,1,1,1,0,0,0,1,0,0,2,1,0,1,1,2,1,1,1,2,1,2,0,3,1,1,1,4,0,0,1,1,0,0,0,0,4,0,0,1,0,1,0,3,0,0,2,1,1,0,1,0,1,1,3,1,1,0,0,2,1,1,2,2,1,0,1,1,2,0,0,1,0,0,0,0,1,0,0,1,0,1,0,0,1,0,3,1,1,2,3,1,0,1,0,2,1,0,0,4,3,1,0,1,1,0,0,2,1,1,0,1,0,0,0,0,1,2,1,2,0,2,0,0,4,0,0,2,1,0,2,1,1,0,1,0,0,0,0,3,2,0,2,1,1,3,0,0,0,2,0,2,0,1,1,1,1,1,0,1,0,1,2,0,0,2,0,1,2,0,1,2,1,1,2,1,1,3,2,1,1,0,1,0,0,0
27 Julia Mcqueen,2,1,3,1,0,0,0,0,1,0,1,1,1,0,1,0,1,0,0,0,1,0,0,0,0,1,0,1,3,4,1,1,1,1,2,3,0,1,0,2,1,1,0,0,1,0,0,1,0,2,1,1,0,1,1,1,0,1,0,2,2,1,1,1,1,0,2,0,0,2,2,0,0,4,0,1,3,0,0,1,1,0,1,0,1,1,0,1,0,0,1,0,2,1,0,0,2,0,0,1,1,2,1,4,1,2,1,0,7,0,2,4,2,1,4,2,1,0,1,3,0,1,1,1,3,2,0,0,0,0,0,0,1,3,0,0,2,0,0,1,0,2,0,0,1,0,0,2,1,1,0,0,1,1,1,1,1,0,1,0,0,1,0,1,3,0,0,1,0,0,0,0,0,0,3,2,2,0,2,1,1,2,2,0,1,1,1,2,2,1,1,1,0,1,1,3,3,0,1,2
60 Henry Berry,1,2,1,0,2,0,1,0,1,0,1,2,1,1,0,1,0,0,0,0,0,1,0,2,0,0,0,2,1,1,2,2,0,1,0,1,1,3,0,0,0,0,2,0,3,2,1,0,1,1,2,0,1,2,1,2,2,0,0,3,1,1,0,1,0,0,1,2,0,0,1,1,0,1,0,3,1,0,1,1,2,0,3,0,0,1,1,0,0,0,2,0,1,2,2,1,0,0,1,1,1,3,1,1,1,1,0,7,0,1,1,2,0,1,2,2,0,1,1,1,0,0,3,3,0,1,1,1,0,0,0,0,1,3,1,1,0,1,1,1,0,0,1,0,1,2,0,0,0,2,1,0,0,0,1,1,0,0,3,2,0,5,0,0,2,0,1,1,1,0,0,0,0,0,2,1,4,0,2,0,1,1,1,0,0,2,2,1,0,1,0,1,0,0,0,1,0,0,3,2
33 Milla Peck,1,0,0,1,0,0,2,1,0,2,1,2,1,0,0,2,2,1,0,1,1,2,2,0,1,0,2,0,0,0,0,2,1,1,1,1,0,2,0,0,0,0,1,0,0,0,0,1,0,0,0,2,1,1,2,0,0,0,1,2,1,1,0,1,1,1,4,1,2,1,1,3,0,1,2,2,1,0,0,0,1,0,2,0,1,0,0,1,0,0,0,1,0,0,1,0,0,1,0,1,2,2,2,1,3,1,2,0,1,0,2,0,0,0,1,2,1,1,1,0,0,0,0,0,0,1,0,1,0,0,1,0,2,0,0,0,1,0,0,1,0,0,0,0,1,0,0,1,1,1,1,0,0,1,2,1,0,2,1,1,0,1,0,1,0,1,0,1,1,1,1,1,0,0,0,1,0,3,1,0,0,1,0,0,0,1,0,0,0,0,0,0,1,1,1,0,1,0,1,1
179 Ed Guiness,1,2,1,0,2,1,1,2,0,1,0,1,1,0,0,0,2,1,0,2,1,1,1,0,1,3,1,2,1,0,2,1,1,1,2,0,0,1,0,1,1,0,0,2,4,1,0,1,1,0,0,0,0,0,0,1,2,0,1,0,1,0,1,0,1,1,1,1,1,2,2,1,0,1,1,2,2,0,1,0,1,1,0,1,0,0,0,0,2,3,1,2,0,1,0,0,0,0,0,1,0,0,0,1,1,2,1,2,1,2,0,5,2,2,0,3,0,5,0,3,2,1,0,1,1,4,0,0,2,0,0,0,1,1,0,0,1,2,1,2,2,0,2,2,0,0,0,1,0,2,0,0,1,2,0,1,0,0,0,1,0,1,1,1,0,1,0,1,0,0,2,0,0,0,1,1,1,1,1,2,1,0,0,2,1,1,2,0,1,1,0,3,1,0,1,1,0,0,0,0
5 Johnny Lollobrigida,0,3,0,0,1,0,0,0,3,0,0,0,0,0,2,0,0,0,1,3,0,3,1,1,2,1,0,1,3,0,2,1,1,0,1,1,0,2,1,1,1,0,1,2,1,0,2,0,1,1,1,1,1,2,0,1,0,1,0,4,2,0,1,1,1,0,1,1,0,1,0,1,0,0,2,0,1,0,2,0,2,1,0,1,0,0,0,0,0,2,0,0,3,1,0,0,1,0,0,2,0,0,5,1,0,0,0,4,2,0,5,0,3,1,0,1,0,0,2,3,2,1,1,0,2,1,1,1,1,1,0,1,2,1,1,0,1,0,1,1,0,3,1,3,0,1,0,2,1,1,1,1,1,1,0,0,2,1,0,0,0,0,0,0,2,0,0,0,0,1,2,1,0,0,1,0,0,0,0,1,4,0,0,2,2,2,2,1,1,1,0,0,0,0,0,0,0,0,0,0
9 Joe Swank,1,0,1,2,1,1,1,0,0,1,0,1,0,0,0,1,0,1,0,0,1,1,0,1,1,0,0,0,1,0,1,0,0,2,0,1,0,0,0,1,1,1,1,1,0,1,0,0,0,0,0,1,0,0,0,0,2,0,1,0,2,2,1,0,2,0,0,1,0,0,0,1,1,3,1,0,0,0,0,0,2,1,0,1,0,0,0,0,0,1,1,0,2,1,0,0,0,1,0,0,0,0,1,0,0,0,0,2,0,0,2,3,0,2,0,0,0,0,1,0,1,4,1,0,0,0,2,0,0,0,1,1,0,0,2,0,0,0,0,0,0,2,2,0,2,0,2,1,2,0,1,1,1,0,1,1,0,0,1,0,0,0,0,0,0,0,0,0,0,0,1,1,0,1,0,1,0,1,1,0,1,0,0,0,1,1,1,0,2,1,1,0,0,1,0,0,1,1,1,0
78 Groucho Sinatra,1,0,0,1,1,0,0,1,0,0,0,1,0,0,0,0,0,0,1,0,0,0,1,1,1,1,2,1,0,2,0,1,0,1,3,1,0,2,0,0,0,2,1,2,0,0,0,1,1,0,1,1,2,2,1,1,0,1,1,2,2,1,1,1,2,0,1,1,1,1,0,1,0,1,0,0,1,0,2,0,0,1,0,0,0,2,1,0,0,2,0,0,0,0,2,2,0,0,0,0,0,1,2,0,2,0,4,1,1,0,2,1,2,0,2,0,0,0,0,0,0,0,0,1,0,0,0,1,1,0,1,0,2,0,1,1,1,0,1,0,0,1,1,0,2,1,0,0,2,1,0,2,0,1,1,1,3,0,0,1,1,0,1,1,1,1,0,0,0,1,2,0,0,0,2,0,1,0,0,1,1,1,1,0,0,1,0,1,1,1,1,1,1,0,0,0,2,2,0,1
158 Vivien Basinger,0,1,1,0,0,0,0,1,1,2,1,1,1,0,1,2,1,1,2,0,0,2,0,1,2,2,0,2,1,3,1,0,0,0,2,0,0,1,1,0,1,0,0,2,1,0,0,0,0,3,0,4,0,2,0,1,0,0,1,2,2,0,0,0,2,0,0,1,2,0,1,0,1,1,1,3,3,1,1,2,0,0,2,1,2,2,1,0,1,2,2,1,0,2,1,0,0,0,3,1,0,0,2,2,1,1,3,4,2,1,0,0,0,2,0,2,1,0,1,0,0,1,2,0,2,2,1,2,0,0,0,1,2,1,0,0,0,0,0,1,1,0,1,2,1,0,2,1,1,1,1,1,1,1,0,2,1,1,2,3,1,0,0,1,0,1,3,1,1,1,3,0,0,2,1,2,1,2,1,1,0,1,2,0,2,2,2,3,1,1,1,0,1,2,1,2,1,1,1,0
111 Cameron Zellweger,3,1,2,0,1,1,1,0,1,1,3,1,2,0,0,1,0,2,0,1,0,2,2,1,0,2,1,1,1,0,1,0,0,2,1,2,1,2,0,0,0,0,0,3,1,2,2,0,1,0,0,0,1,2,2,3,1,2,2,3,2,0,1,2,2,1,0,1,0,4,1,3,0,3,1,2,0,2,1,0,1,2,0,1,1,3,0,2,0,0,1,0,1,0,0,1,0,0,0,0,1,0,2,1,0,2,1,2,2,2,3,1,0,0,2,0,1,3,1,1,0,0,1,2,0,1,1,2,3,0,0,1,2,0,1,2,1,0,0,1,0,0,0,3,0,1,0,0,3,1,0,3,2,1,1,1,0,2,3,0,0,1,0,1,1,0,1,1,5,0,1,0,0,0,0,3,1,2,1,3,0,0,1,1,1,1,0,0,2,0,1,0,0,1,1,1,1,1,1,2
71 Adam Grant,0,0,0,0,0,0,0,0,0,1,1,0,0,1,0,2,0,0,1,2,0,1,0,1,0,0,0,0,0,0,1,1,0,1,2,2,0,0,1,1,1,0,1,1,1,0,0,1,1,0,0,0,0,1,0,2,0,1,1,1,1,1,2,0,1,0,0,0,0,2,0,0,0,1,0,1,1,0,0,1,1,0,1,0,0,0,2,0,0,1,1,1,3,0,0,0,0,0,0,0,0,0,1,2,0,0,0,1,0,1,0,0,0,0,1,1,0,1,2,1,0,0,0,0,1,2,0,0,0,0,0,0,0,0,0,1,0,0,0,0,0,0,1,0,0,1,0,1,0,1,1,2,0,0,0,0,1,0,2,0,0,0,0,0,1,0,0,0,1,1,1,0,0,1,1,0,0,0,0,0,0,0,1,1,1,1,0,0,0,0,0,0,0,1,0,0,1,0,2,0
154 Meryl Gibson,1,1,0,0,1,0,0,0,1,0,0,3,0,0,1,2,0,0,0,1,2,1,1,0,0,1,0,0,0,1,1,2,1,4,0,1,0,1,0,0,3,0,0,0,1,1,1,2,0,0,0,2,0,2,1,1,0,0,1,1,2,0,0,1,1,2,2,0,0,0,2,3,1,0,2,1,1,1,0,1,1,1,0,1,1,0,0,1,1,2,2,2,0,0,2,3,1,1,0,2,1,1,0,0,1,1,1,0,1,1,5,0,0,0,0,3,1,0,0,1,1,0,1,1,0,1,1,1,1,1,0,0,0,1,0,1,2,1,0,0,1,1,0,1,1,1,1,1,1,1,0,0,0,0,1,0,1,0,0,2,0,2,1,0,1,3,0,2,1,1,2,2,0,1,0,2,1,0,0,2,0,1,1,0,1,2,1,2,0,0,1,1,0,0,0,1,0,1,0,1
83 Ben Willis,3,3,0,0,0,2,0,0,0,2,1,1,1,2,2,2,0,0,1,2,0,1,3,1,1,6,0,0,3,2,0,1,2,2,1,1,0,1,1,0,2,0,4,1,0,1,2,1,0,1,0,1,0,1,0,0,0,1,0,2,1,2,1,2,0,0,1,2,1,1,1,1,3,3,1,0,2,1,0,1,0,1,0,0,2,1,2,0,1,2,1,0,1,0,1,1,2,0,0,1,0,1,1,3,0,1,1,1,1,1,0,2,1,0,1,1,2,0,0,3,2,2,0,2,1,1,0,1,2,2,3,1,2,2,0,1,0,0,1,0,1,0,1,0,1,0,0,1,0,1,1,0,0,1,1,0,1,1,2,0,0,0,0,2,0,0,2,1,3,2,1,1,0,1,1,0,0,1,2,0,1,0,0,2,0,2,0,0,0,0,0,1,1,0,0,0,1,2,2,1
126 Frances Tomei,2,2,1,0,1,2,1,2,0,0,0,0,1,0,1,0,0,3,1,0,3,0,2,0,0,3,0,0,2,1,0,1,2,0,3,0,0,1,1,0,0,1,0,0,2,0,0,0,0,0,2,1,0,0,0,0,0,0,0,1,1,0,0,0,2,0,1,0,2,0,1,3,0,1,1,1,1,0,0,0,0,0,0,0,1,2,0,0,0,2,1,0,1,1,1,0,0,0,2,1,1,1,0,1,1,0,0,3,1,0,3,3,0,0,0,1,1,1,3,0,2,2,1,0,2,1,0,1,0,0,0,0,1,0,1,2,0,1,0,1,0,2,0,0,0,0,1,0,0,1,0,1,0,0,1,0,0,1,4,0,0,0,2,0,0,1,1,0,0,1,1,0,0,0,0,0,1,0,1,0,0,1,0,1,1,1,1,0,2,0,0,0,0,2,1,0,3,0,0,2
110 Susan Davis,0,0,0,0,0,2,0,0,0,0,1,1,1,0,0,1,1,1,2,1,2,1,0,0,1,1,1,0,0,1,0,0,0,0,0,0,0,1,0,1,0,1,0,0,1,2,0,0,0,0,1,0,0,0,0,0,0,2,1,3,0,0,1,0,1,1,0,0,3,0,2,0,1,0,2,0,0,0,1,0,2,2,1,2,1,1,0,0,0,0,0,0,0,0,0,1,0,0,0,0,0,0,1,0,0,1,0,0,0,0,2,2,1,0,0,0,0,1,2,2,0,1,1,0,0,0,0,0,2,0,0,1,1,0,0,1,0,1,0,1,0,0,1,0,1,1,0,1,0,1,2,2,1,0,1,0,0,1,1,0,0,0,0,0,1,0,2,1,1,1,0,1,0,0,0,1,1,1,0,0,0,1,0,0,0,1,0,0,0,0,0,0,2,2,0,2,0,0,0,0
197 Reese West,3,2,0,1,0,0,1,0,0,0,1,1,3,0,1,1,1,1,0,2,0,0,3,1,2,0,0,0,2,1,0,1,2,2,1,2,0,2,1,0,1,1,1,3,2,1,3,0,0,2,1,0,0,0,0,2,1,1,0,1,0,1,0,2,2,1,0,0,0,0,3,2,3,1,2,0,1,1,0,1,0,1,0,0,0,0,1,2,2,0,3,0,1,0,1,2,0,1,1,0,1,0,1,0,2,1,2,1,0,0,1,1,4,0,1,0,0,0,2,2,1,0,0,1,0,1,0,1,2,1,3,2,2,0,0,3,2,0,0,1,1,0,1,0,1,1,1,1,2,1,1,1,3,2,1,0,2,0,0,3,0,0,2,1,0,0,0,1,1,0,1,0,0,2,0,3,0,2,1,1,0,1,0,0,0,2,1,1,2,2,0,1,1,0,0,0,0,0,1,0
68 Rip Winslet,1,1,1,1,0,2,0,0,1,0,1,0,1,0,0,0,0,0,0,1,2,1,0,0,0,0,0,0,1,1,1,0,0,1,1,1,0,1,2,1,1,1,2,0,1,2,0,0,1,0,1,1,1,3,1,1,1,0,1,1,2,1,1,1,1,1,1,0,0,0,0,0,0,1,1,2,0,2,1,1,2,0,4,0,0,1,0,1,1,0,3,1,4,0,1,0,1,1,0,2,0,0,1,0,0,1,1,1,3,0,0,1,1,0,2,1,0,1,0,1,1,0,0,1,2,0,1,0,0,0,1,2,0,2,1,1,0,1,0,0,2,0,0,0,0,0,3,0,0,1,0,0,0,0,0,0,0,0,0,3,0,2,0,3,0,1,1,0,1,1,1,1,0,1,0,1,3,0,0,0,1,1,0,0,1,1,1,1,0,0,1,1,0,4,0,1,1,1,1,1
21 Kirsten Paltrow,0,2,0,2,0,0,0,2,0,0,0,0,1,1,1,0,3,0,0,1,0,2,2,0,2,2,0,0,0,0,0,1,0,0,0,0,0,1,1,0,0,0,2,0,0,0,0,0,1,1,0,1,1,2,3,0,0,0,2,0,1,0,0,1,0,0,1,0,0,1,0,1,1,1,0,1,0,6,2,2,0,0,0,0,0,1,0,0,1,1,2,0,0,1,3,1,1,0,0,2,0,0,1,2,0,0,1,1,3,0,1,0,0,1,0,2,0,1,2,0,0,1,1,0,2,2,2,0,2,1,1,0,1,0,1,2,2,0,1,0,0,2,0,0,0,1,0,1,2,0,1,1,0,2,1,0,2,0,0,0,1,0,0,1,3,1,3,0,1,2,0,1,0,0,0,0,1,2,1,2,1,1,0,0,1,1,0,2,2,2,1,0,1,0,0,0,1,1,0,1
74 Milla Keitel,0,2,1,0,0,0,0,1,1,1,1,0,2,1,0,1,0,1,0,1,1,0,1,2,0,0,0,1,0,0,0,0,2,0,2,0,0,1,0,0,0,0,0,0,0,1,1,0,2,1,2,2,0,1,2,0,0,0,0,1,1,0,1,1,2,0,1,0,1,1,1,0,1,0,0,1,2,0,1,0,0,0,2,0,1,0,2,2,1,0,2,0,1,0,0,0,3,0,0,1,0,1,0,0,0,0,0,3,0,0,1,2,0,0,2,0,1,0,1,2,0,0,2,2,0,1,2,1,0,0,0,1,1,0,0,2,0,0,0,0,0,2,0,1,0,0,0,0,0,0,0,1,1,0,1,1,0,0,1,0,0,1,1,2,0,0,0,1,0,0,0,1,0,0,1,0,0,0,1,4,0,1,1,0,0,1,1,1,1,2,1,2,0,1,0,2,0,0,0,1
157 Greta Malden,4,0,0,0,1,2,1,3,1,1,0,1,0,0,1,2,1,0,2,0,1,0,0,1,3,1,0,1,1,2,1,0,0,0,2,0,0,1,0,0,1,0,1,1,2,0,0,0,0,1,0,0,1,0,0,0,0,1,0,2,2,1,0,1,0,0,1,1,0,2,1,0,2,0,2,3,1,1,1,0,2,0,0,3,0,0,0,3,2,2,1,2,1,1,1,1,1,0,0,1,1,0,1,2,2,2,1,2,1,1,4,1,0,0,2,1,2,1,1,1,0,1,0,2,1,0,0,0,2,0,1,0,1,1,0,0,0,0,2,1,0,0,2,0,1,0,0,4,2,2,1,2,2,1,1,1,1,2,3,0,0,1,0,0,2,0,1,0,3,2,1,0,0,1,2,1,0,0,1,0,3,1,0,1,1,1,0,2,1,2,0,1,2,0,2,0,2,1,1,1
146 Albert Johansson,0,0,2,2,1,0,2,1,0,2,0,0,0,1,0,0,1,1,2,3,0,0,1,1,0,0,1,0,0,4,2,0,0,0,1,1,0,1,2,1,0,1,2,3,1,0,0,2,3,2,1,0,0,0,2,0,3,2,1,1,2,0,1,0,0,0,2,1,0,1,1,1,2,0,1,1,3,2,1,2,0,2,4,0,1,0,1,1,1,0,0,0,2,1,2,0,0,0,2,1,0,0,2,0,3,1,0,0,1,0,0,1,2,0,1,1,0,1,0,0,0,0,1,2,2,0,0,0,2,2,0,0,0,1,1,1,0,0,0,2,1,1,1,0,0,1,3,2,2,0,1,0,1,2,2,0,0,0,0,1,0,1,0,0,1,0,2,1,2,0,2,1,0,2,2,0,1,1,1,1,2,1,2,0,0,1,2,0,1,1,0,0,1,1,3,1,1,0,0,2
52 Carmen Hunt,2,0,1,0,1,0,0,0,1,0,2,0,0,1,0,1,1,1,0,2,0,0,2,0,1,1,0,1,0,2,0,0,1,1,1,0,0,1,0,1,1,0,1,0,0,2,1,1,2,0,0,1,1,1,0,0,5,4,2,2,0,0,0,1,2,0,3,0,0,0,1,2,1,0,0,0,0,1,0,0,1,0,1,1,3,0,0,1,0,0,0,0,1,1,1,1,0,0,1,0,1,0,1,0,1,0,0,0,1,1,0,1,0,1,2,2,0,1,1,1,0,1,0,0,1,0,0,0,1,2,2,3,3,1,0,0,1,0,1,1,2,0,1,1,0,1,1,0,0,0,1,1,1,0,0,1,1,0,2,0,1,1,0,0,0,0,0,0,0,0,0,0,0,2,0,1,0,0,1,2,0,1,1,0,0,1,2,0,1,2,0,2,1,0,1,0,2,0,0,0
113 Morgan Hopkins,0,1,0,0,0,1,1,1,0,0,2,2,3,0,0,0,0,1,0,0,0,0,1,0,0,2,1,0,1,1,0,1,0,3,1,0,1,1,1,0,1,0,0,2,0,0,0,3,0,1,1,0,1,1,2,1,0,2,0,1,0,1,1,1,0,0,0,1,2,0,3,0,0,0,0,1,0,0,3,1,0,1,2,1,1,0,1,1,3,1,0,1,2,0,1,2,1,2,1,1,0,0,0,0,1,3,0,0,0,0,2,1,0,1,0,3,0,1,2,0,2,2,0,2,0,2,2,1,0,2,1,1,2,1,0,2,0,0,1,0,0,0,3,1,0,1,0,3,1,0,1,2,1,2,1,0,2,0,0,0,0,1,0,1,0,0,0,1,1,2,1,1,0,2,1,1,0,1,2,1,1,0,0,3,2,1,0,1,0,1,0,0,2,0,2,0,0,2,0,0
63 Cameron Wray,1,1,0,0,0,0,0,0,1,0,0,0,0,0,0,0,0,1,2,0,0,1,1,0,0,0,1,0,2,2,0,0,1,0,1,0,0,0,0,1,1,1,0,1,0,1,0,1,0,0,0,1,1,0,1,2,0,1,0,2,0,0,0,1,1,0,1,0,0,1,2,1,0,0,0,0,0,3,1,0,1,0,0,1,1,0,1,2,0,0,0,0,1,1,1,2,1,0,0,1,1,0,0,1,1,0,0,0,0,0,0,1,0,0,0,0,0,1,2,0,0,1,0,1,0,0,2,2,2,0,2,1,1,1,0,1,2,1,0,0,1,0,0,0,1,0,0,0,1,1,1,0,1,0,0,1,1,0,0,0,0,2,0,0,1,0,0,0,0,3,1,0,0,0,1,1,0,0,1,0,1,0,0,0,0,1,0,0,1,1,1,0,1,0,2,0,0,1,0,0
86 Greg Chaplin,1,0,0,1,1,0,0,0,0,0,1,1,0,0,1,1,0,0,1,0,0,0,1,2,0,0,0,0,0,2,0,0,1,1,0,0,0,2,2,0,0,0,1,0,2,2,0,0,0,1,1,2,0,1,0,1,0,2,1,3,0,1,0,4,1,0,0,1,0,1,0,2,1,0,0,1,1,1,0,2,0,1,0,1,0,0,0,1,2,2,1,0,4,1,1,1,1,1,0,1,0,0,1,0,1,1,1,0,0,1,0,0,1,1,0,0,0,0,3,0,0,3,1,1,0,1,0,2,1,2,0,1,1,2,0,1,1,0,2,0,0,0,1,1,1,0,1,1,0,1,1,0,0,0,2,0,0,0,0,0,2,0,0,2,1,1,0,0,0,0,2,0,0,0,3,0,0,0,1,0,0,0,1,0,0,1,1,1,0,0,1,0,2,0,0,0,0,0,0,0
70 Michelle Mcconaughey,1,0,0,1,1,1,0,0,2,0,1,0,1,1,0,0,0,0,0,0,1,0,2,0,0,1,1,1,0,1,0,1,1,0,0,0,0,0,1,0,0,0,0,2,1,0,0,0,2,1,0,1,0,0,0,1,1,2,2,0,0,1,2,3,1,2,0,0,1,1,1,1,2,1,1,2,0,0,1,1,0,0,1,0,0,2,0,0,1,1,0,0,2,0,0,1,0,1,1,2,1,2,1,2,0,1,2,0,0,0,0,1,1,0,1,1,0,0,1,0,1,2,2,0,1,0,0,3,1,1,1,0,1,0,0,2,0,0,1,0,0,1,0,0,0,1,0,0,0,0,0,0,1,0,1,0,0,0,1,1,0,1,0,0,0,1,1,0,2,3,1,2,0,0,0,1,1,0,0,0,0,1,0,0,3,1,3,0,0,1,1,2,1,0,1,0,0,1,0,0
41 Jodie Degeneres,2,1,0,0,0,0,0,0,0,1,0,1,0,2,0,0,1,1,0,1,1,1,1,0,0,0,0,0,1,0,1,0,1,0,0,0,0,0,0,1,0,1,1,2,0,1,1,0,0,1,2,3,2,0,2,0,1,2,1,0,0,0,1,2,2,0,1,0,0,0,0,0,0,0,1,1,1,2,1,0,3,0,2,2,2,2,1,2,0,1,0,0,1,0,0,2,0,0,0,0,0,0,0,0,2,0,1,1,1,2,1,2,0,2,2,2,0,0,2,1,1,2,0,1,1,1,0,3,2,1,1,1,0,0,1,1,1,0,2,2,0,0,0,1,1,2,0,1,1,0,1,1,1,1,0,0,1,2,0,1,0,0,0,1,0,1,4,1,1,0,0,0,0,1,2,1,1,1,1,0,0,1,0,0,0,1,2,0,1,1,0,0,0,2,0,0,0,1,1,0
29 Alec Wayne,0,1,1,0,1,0,1,3,1,2,0,0,0,1,1,0,1,1,1,1,0,0,0,1,1,0,0,1,0,1,3,0,1,2,0,2,1,0,1,0,2,0,0,0,2,1,0,1,1,0,1,1,1,1,0,0,3,1,0,2,1,1,3,0,0,0,0,1,1,3,0,0,0,1,0,1,0,0,0,1,2,0,1,2,1,0,0,0,0,0,0,2,1,3,0,1,3,0,2,0,1,2,0,1,0,0,2,3,3,0,1,1,0,0,1,0,0,1,2,0,0,0,2,0,0,1,1,1,1,1,2,0,0,0,2,3,3,3,0,1,0,1,0,1,0,2,1,0,0,3,2,1,1,0,2,0,0,0,0,1,1,1,0,0,0,0,0,0,0,0,0,0,0,0,0,1,0,0,2,0,0,0,1,1,0,2,2,0,2,0,1,1,0,0,0,2,0,0,0,2
25 Kevin Bloom,1,0,1,1,0,1,1,0,1,2,1,0,1,2,1,0,0,0,0,0,0,1,2,0,0,0,3,0,3,3,0,1,0,0,2,0,0,0,0,1,2,1,1,0,2,2,1,1,1,1,0,0,1,1,1,0,3,2,1,1,2,0,0,0,1,0,0,2,0,0,0,1,0,1,1,0,0,0,0,0,1,0,2,1,1,1,1,0,0,1,1,1,0,0,2,0,0,1,1,0,1,0,1,0,1,0,0,0,1,0,0,1,2,1,0,1,0,0,0,1,0,0,1,1,0,0,1,0,0,0,0,0,1,2,0,1,1,1,0,1,0,1,2,0,1,1,0,0,1,0,0,2,1,0,1,0,1,2,0,0,1,0,1,1,2,0,0,0,0,0,1,1,0,0,0,0,1,2,1,0,0,0,0,1,1,1,0,0,1,1,0,0,0,0,0,2,1,1,1,0
23 Sandra Kilmer,0,1,3,1,0,0,0,0,0,4,1,3,3,1,3,1,1,0,0,2,3,1,2,3,1,1,1,2,0,0,0,4,1,2,0,3,0,2,2,0,0,0,0,1,3,1,0,0,0,0,2,2,0,0,2,2,1,1,2,0,2,1,1,2,0,3,3,2,2,0,3,3,1,1,2,0,1,2,0,1,1,0,0,1,2,0,2,0,0,1,0,1,1,1,3,1,2,0,2,0,1,0,0,3,0,2,2,0,1,0,0,0,0,1,0,2,1,1,1,2,1,3,1,2,2,0,1,0,2,1,1,2,1,3,1,0,1,1,0,2,0,1,1,2,2,1,2,0,3,2,0,1,1,0,0,1,3,1,0,2,1,1,1,1,1,0,2,1,1,2,0,0,0,1,2,2,0,0,0,1,1,1,0,0,1,2,0,0,0,0,0,0,0,0,2,0,1,0,2,0
56 Dan Harris,2,1,0,1,0,1,0,2,1,0,0,0,1,1,3,1,1,1,0,1,1,1,0,1,1,0,0,2,1,3,1,1,1,2,0,1,0,0,0,1,1,0,1,0,1,3,1,0,0,1,0,1,0,1,0,3,2,1,1,1,0,1,1,0,1,2,1,0,0,0,0,2,1,3,0,2,1,1,1,0,2,1,0,3,2,0,0,2,0,1,2,0,0,1,3,0,1,1,2,2,0,3,1,0,3,0,0,2,0,1,1,1,0,1,0,1,0,2,0,0,0,2,0,2,0,0,0,1,0,2,1,0,1,3,1,1,0,1,0,1,1,2,0,0,1,0,1,1,0,1,1,2,0,0,1,1,1,0,0,2,1,0,1,0,1,1,1,1,0,0,2,1,0,0,1,1,1,2,0,0,0,1,1,0,1,1,2,0,0,0,0,2,2,0,0,0,3,0,0,0
148 Emily Dee,0,0,1,0,0,0,0,0,0,1,0,0,0,0,0,0,0,0,0,1,0,0,0,0,1,0,0,1,0,0,3,0,0,1,0,0,0,1,0,0,0,1,0,0,0,1,0,0,0,0,0,0,0,1,0,0,2,1,0,1,0,0,1,0,0,1,0,0,1,0,2,0,0,1,0,0,0,0,0,0,0,1,0,0,1,0,0,0,0,0,0,0,1,1,0,1,0,1,1,1,0,0,0,0,0,1,0,0,1,0,2,0,0,0,0,0,0,1,0,1,1,0,1,0,0,0,0,0,0,1,0,0,0,3,1,1,1,0,0,0,0,0,0,0,0,1,2,1,0,1,0,0,1,0,0,0,0,0,0,0,0,1,1,0,0,0,0,1,1,1,0,0,0,1,1,2,1,0,0,0,0,0,0,0,1,1,0,1,0,1,1,0,0,0,1,1,0,1,2,0
199 Julia Fawcett,0,0,0,0,0,0,1,0,1,0,0,1,0,1,0,1,0,0,0,0,0,0,0,0,1,0,0,2,0,1,0,1,0,0,0,0,0,1,0,0,0,0,0,0,2,0,1,0,0,1,0,1,0,0,1,0,0,2,0,0,1,1,1,1,0,0,1,0,1,1,1,0,0,1,0,0,0,0,0,0,0,0,1,1,0,0,0,0,1,1,0,0,1,2,0,1,1,0,0,0,0,0,1,0,0,1,4,0,1,0,1,1,0,1,0,0,0,0,1,0,0,0,0,1,0,2,0,1,1,0,2,1,2,0,0,0,0,0,0,1,1,2,0,0,1,0,1,1,0,0,1,1,0,1,0,0,0,0,1,0,0,0,0,1,0,1,0,1,0,0,0,0,0,1,0,0,0,0,3,0,0,0,0,0,0,1,1,0,0,1,0,2,1,0,1,0,0,0,0,1
147 Fay Winslet,3,1,1,1,0,1,1,0,1,3,1,1,1,0,2,0,0,2,1,1,2,0,3,2,1,0,0,0,1,0,2,1,0,0,0,1,0,0,0,1,0,1,0,0,0,0,0,1,1,0,0,1,0,0,1,2,1,2,0,0,1,1,1,1,0,2,1,2,1,2,3,1,3,1,1,1,3,0,1,0,0,0,1,1,0,3,2,0,0,2,1,0,1,3,3,0,0,0,0,0,2,0,1,0,1,0,0,1,1,1,2,1,0,0,1,1,0,0,0,1,1,1,0,0,0,1,2,1,0,0,0,0,2,1,1,2,1,0,1,0,2,0,1,0,0,2,1,0,0,1,0,0,1,0,1,1,2,2,1,0,0,0,0,0,2,1,0,2,0,1,2,1,0,1,0,0,0,0,0,1,2,1,1,0,1,1,2,1,1,1,1,0,1,2,0,2,2,1,1,1
134 Gene Hopkins,1,3,0,0,3,1,1,0,0,0,0,1,0,0,0,0,0,0,0,2,0,0,0,0,0,3,0,0,0,1,1,1,0,0,0,1,0,0,1,0,0,0,0,0,1,0,1,1,1,0,0,1,0,2,0,0,1,0,2,0,1,0,1,0,0,0,1,0,0,0,0,1,1,1,0,0,0,3,0,1,0,0,1,0,0,1,1,0,0,0,1,0,0,0,2,0,1,1,0,0,0,0,0,1,0,1,0,0,0,0,2,0,0,0,1,0,0,1,1,0,0,1,2,0,0,0,1,2,0,1,0,0,0,0,0,0,1,0,1,2,0,0,1,0,0,1,1,0,1,0,0,0,1,1,0,0,1,1,0,0,0,1,0,1,1,0,0,0,0,0,2,0,0,0,0,0,2,0,1,1,1,1,1,0,0,2,1,0,0,1,0,0,1,0,2,1,0,1,0,0
123 Julianne Dench,1,2,0,2,2,3,0,2,1,2,1,1,0,1,1,1,0,2,0,0,1,1,2,0,0,1,2,0,0,1,1,0,2,2,0,1,1,3,2,2,3,2,2,0,1,0,1,1,1,1,1,1,0,1,0,1,1,1,1,0,0,0,1,0,0,0,1,0,1,2,1,0,0,3,0,2,1,1,1,2,0,0,1,2,0,0,0,0,0,0,0,1,1,2,1,1,0,2,1,2,1,1,3,2,0,0,2,2,0,0,0,3,2,1,0,0,0,1,0,2,0,0,0,2,2,0,1,0,0,0,0,1,0,1,1,1,2,0,2,0,0,0,1,2,2,0,4,0,1,1,2,2,0,1,0,1,1,0,1,0,1,1,1,2,1,1,1,0,0,2,0,0,0,2,1,0,0,0,0,1,0,2,0,1,2,2,2,0,0,0,0,0,1,0,3,0,0,0,1,1
95 Daryl Wahlberg,3,1,0,1,1,1,3,0,1,1,3,2,0,1,0,0,0,1,0,1,1,1,0,0,0,1,2,0,1,1,0,1,0,2,0,0,0,2,1,0,0,2,2,0,1,1,0,1,1,0,0,1,0,2,0,1,2,1,0,0,0,1,1,1,1,1,0,1,2,1,1,1,2,1,1,0,0,0,1,0,1,0,2,1,0,1,2,0,3,0,1,2,0,0,0,0,0,3,1,1,0,1,0,1,1,0,1,0,1,0,2,1,2,1,1,0,1,0,1,0,1,1,0,0,0,2,1,1,3,0,1,0,0,0,2,1,0,0,0,1,1,1,0,2,0,2,1,1,1,0,0,5,0,0,1,0,1,2,3,0,0,1,0,1,0,0,0,0,0,2,1,0,0,2,1,1,2,2,1,1,1,1,2,3,1,1,1,1,0,1,0,1,2,1,0,0,0,0,0,2
153 Minnie Kilmer,0,1,1,1,0,0,1,0,1,1,1,1,3,0,1,2,0,0,1,2,0,0,0,1,0,0,1,1,1,0,0,0,0,0,0,1,1,0,0,1,1,0,0,2,2,0,1,2,1,0,0,0,0,1,0,0,0,0,0,1,0,2,0,1,1,0,2,0,1,0,1,0,0,0,1,1,0,0,2,2,0,1,0,1,0,0,0,0,0,0,1,0,1,0,0,0,1,1,0,1,0,0,1,0,0,0,0,0,0,0,2,3,0,0,2,3,0,1,0,0,0,0,0,0,1,0,0,1,1,0,1,0,1,1,0,2,0,0,0,0,0,2,2,0,1,0,0,1,1,0,0,0,1,1,0,0,2,0,0,0,0,1,0,2,0,0,0,1,0,0,2,0,0,0,1,1,0,2,0,0,0,1,0,2,3,1,0,0,0,2,0,0,0,0,1,1,0,1,0,0
19 Bob Fawcett,0,0,0,0,0,1,0,1,1,4,0,1,0,0,0,1,1,1,0,2,1,2,0,1,1,1,0,0,1,2,0,0,0,1,1,0,0,1,1,0,0,1,1,1,0,0,0,0,0,0,1,1,0,1,1,2,0,2,2,0,1,1,0,0,1,1,0,0,1,1,1,0,0,0,0,0,0,2,0,0,1,0,0,0,0,0,0,0,0,1,2,0,1,1,1,1,1,0,0,2,0,0,1,0,2,1,2,1,1,1,0,0,2,2,1,0,0,1,1,0,1,1,0,0,0,1,0,0,0,1,1,0,1,0,1,2,1,0,1,0,0,2,0,1,0,1,2,0,1,2,0,1,2,1,0,0,1,0,0,3,0,1,1,0,0,1,1,2,2,1,0,1,0,0,3,3,0,2,1,0,1,0,0,0,0,1,2,0,0,0,1,0,0,0,1,1,0,1,1,0
80 Ralph Cruz,2,1,0,0,2,0,0,2,1,2,1,1,2,1,2,0,1,0,0,0,0,1,1,1,0,1,1,3,1,0,2,3,0,1,0,0,2,0,1,0,0,0,0,1,2,0,0,2,0,1,1,2,2,3,4,0,3,2,1,0,3,0,1,0,2,0,1,1,3,0,0,1,1,0,1,0,0,0,3,3,1,1,1,1,0,2,1,0,1,2,0,1,0,0,2,3,1,0,2,0,0,1,0,1,2,2,1,0,2,0,0,1,0,1,0,1,1,1,0,0,1,1,0,1,0,0,1,1,1,0,0,1,2,2,1,1,0,1,0,2,1,0,2,0,1,0,2,0,0,1,1,0,2,1,3,1,1,2,1,2,1,0,0,0,0,0,1,1,3,0,0,0,0,1,3,0,1,0,0,1,1,1,1,0,0,0,1,0,0,0,0,2,1,1,0,0,2,2,0,1
141 Cate Harris,0,2,2,1,1,1,0,0,0,0,0,0,0,0,0,0,1,1,0,0,1,2,0,1,2,2,0,0,1,0,0,0,0,1,0,0,2,0,1,1,2,0,2,0,1,1,2,0,1,0,1,1,0,1,0,1,3,3,2,2,2,0,1,0,1,2,1,2,0,2,1,0,2,0,1,1,1,1,0,1,0,0,1,2,0,0,1,1,0,2,1,1,0,1,0,1,1,2,3,2,1,1,0,2,0,0,1,0,0,0,0,0,2,0,2,0,0,1,0,1,0,1,3,0,0,0,3,1,0,0,1,0,0,1,0,2,1,2,1,1,1,4,1,0,2,2,0,2,3,0,0,0,2,1,1,0,0,1,2,2,1,0,1,1,0,0,2,1,2,1,2,0,0,3,0,0,1,1,0,1,1,1,0,1,3,0,0,2,0,1,0,1,0,0,1,0,0,3,0,0
184 Humphrey Garland,0,2,0,1,0,1,0,2,0,0,0,0,0,2,1,3,1,1,3,3,1,1,1,0,2,1,1,3,0,0,1,0,0,1,0,0,0,0,1,0,1,0,4,0,2,0,2,2,0,3,1,2,3,0,0,0,0,1,0,1,2,0,1,4,1,0,2,0,0,1,2,0,0,0,1,0,2,1,1,2,2,1,1,2,0,0,1,0,1,2,0,0,2,0,0,0,0,1,0,2,1,0,0,1,0,1,0,2,0,1,1,2,1,0,1,0,1,1,1,0,1,1,0,1,0,4,2,0,3,0,1,0,1,0,0,0,1,1,1,0,0,0,1,1,0,0,2,0,1,1,0,0,2,1,0,0,0,1,2,0,0,1,0,1,2,1,2,0,0,1,0,1,0,1,0,1,0,0,0,0,2,4,0,2,1,0,0,1,1,1,0,1,1,1,0,0,2,1,2,1
169 Kenneth Hoffman,1,1,0,1,0,1,1,1,1,1,0,1,1,0,0,1,1,0,1,3,1,0,2,1,1,0,2,1,2,0,2,0,0,0,0,0,1,1,0,0,3,1,1,1,0,0,0,0,0,0,0,0,1,0,0,1,1,1,0,2,1,1,1,0,2,2,3,2,2,0,0,0,0,0,2,1,0,3,1,0,2,1,1,1,0,3,1,0,0,1,0,0,0,2,2,1,0,1,0,1,1,2,2,0,0,0,1,1,0,1,0,1,2,2,1,3,0,1,0,0,0,2,0,2,0,2,2,0,1,1,0,0,1,0,1,3,0,0,0,0,1,1,1,1,1,0,3,1,0,1,0,2,3,1,2,0,2,0,0,2,0,1,1,0,0,0,1,0,0,1,3,0,0,2,0,2,0,1,2,1,2,1,1,0,0,0,0,0,0,1,0,0,0,0,0,1,0,1,0,2
151 Geoffrey Heston,0,0,1,1,0,0,0,0,1,1,1,1,2,1,1,0,1,1,0,1,1,0,1,1,0,1,0,1,0,1,2,0,2,3,1,0,0,2,0,2,1,1,1,1,3,0,1,0,0,0,0,1,0,1,1,2,1,0,1,1,1,0,2,1,0,0,1,0,1,0,3,0,0,2,1,1,1,1,0,0,1,0,0,0,0,2,0,0,1,0,1,1,2,1,0,1,1,0,2,1,1,0,2,2,1,0,0,1,2,1,2,1,0,1,1,1,1,1,1,1,1,1,1,0,0,2,0,0,0,1,1,0,0,3,0,2,1,1,0,1,0,1,0,0,2,1,0,1,1,0,1,2,0,1,0,1,0,0,1,2,0,2,0,1,0,1,1,0,0,0,0,0,0,0,2,1,1,1,0,2,2,1,0,0,0,0,1,1,0,1,1,0,1,1,1,0,1,1,0,1
131 Jane Jackman,0,2,0,0,0,0,0,1,1,0,0,0,0,2,1,1,1,1,3,1,0,3,0,0,1,2,0,0,1,0,0,1,0,0,0,1,1,2,0,0,2,0,1,1,1,0,0,0,2,0,0,0,0,0,0,1,0,2,1,0,0,1,1,0,1,0,0,1,1,1,1,0,1,3,0,1,0,1,0,0,1,1,0,1,0,0,0,1,1,1,0,1,1,1,0,1,0,0,0,0,2,0,1,2,3,0,0,0,1,1,0,1,1,0,1,0,1,0,1,0,2,1,0,1,0,1,1,1,1,1,1,0,1,2,0,0,1,0,1,0,0,2,0,0,0,1,0,0,0,1,0,2,0,1,2,1,0,0,0,0,0,1,0,0,1,1,2,0,1,1,0,0,0,0,0,1,1,0,2,1,3,1,1,0,1,0,2,0,0,1,0,0,3,1,0,0,2,0,0,1
181 Matthew Carrey,1,0,3,1,3,0,0,1,2,1,1,2,0,1,2,0,0,1,2,4,0,2,0,0,1,1,2,0,0,1,2,0,1,4,1,0,0,0,0,3,1,0,0,3,2,1,0,1,2,1,1,2,0,0,0,1,0,1,0,1,0,2,2,0,1,2,0,2,1,1,0,2,0,3,0,3,1,3,2,0,0,1,2,2,1,1,1,0,0,1,1,0,2,0,0,1,0,0,1,2,0,1,2,0,0,1,0,0,0,0,0,1,1,2,1,3,2,0,0,1,2,1,0,1,1,2,0,1,2,0,0,0,1,1,2,1,2,0,1,0,0,2,5,0,1,0,0,0,2,2,2,0,1,0,2,0,0,1,3,1,1,0,1,0,1,0,0,1,2,1,2,0,0,1,2,1,1,2,2,0,2,2,2,0,0,0,1,0,2,1,1,0,2,3,1,1,1,0,2,4
100 Spencer Depp,1,1,1,0,1,0,1,0,2,0,0,0,2,0,0,2,2,0,1,3,0,1,0,0,0,3,0,1,0,2,0,0,0,0,1,0,0,0,0,0,1,0,2,0,0,2,1,0,1,2,2,0,2,1,0,0,1,1,3,0,1,0,2,0,0,1,1,0,0,1,2,1,1,0,0,0,1,0,0,2,2,1,0,2,1,0,1,1,0,2,0,0,1,0,0,0,1,0,0,2,1,0,2,1,0,3,0,1,0,0,1,1,1,0,1,2,0,0,0,0,1,3,0,0,1,2,1,1,1,1,0,1,1,1,1,1,0,1,0,1,1,0,0,1,2,2,2,2,3,0,0,1,0,1,1,0,0,0,0,0,1,0,1,1,1,0,0,1,1,0,0,1,0,0,0,3,2,0,1,1,0,2,1,0,0,0,0,0,0,1,0,0,0,1,0,0,0,1,0,0
109 Sylvester Dern,0,1,2,1,0,0,0,1,2,0,2,0,0,2,1,0,1,1,0,0,0,0,0,0,1,1,1,0,2,1,1,2,0,0,1,1,2,1,0,2,0,0,1,5,0,0,2,0,0,1,1,0,1,0,1,1,0,2,0,0,3,1,0,0,0,1,1,1,2,0,1,1,0,1,0,1,1,0,2,1,0,0,0,0,0,0,1,0,0,0,0,0,0,2,1,0,1,1,0,0,1,0,1,1,0,2,3,1,0,1,2,1,0,1,1,1,0,0,1,0,0,2,0,2,0,1,2,0,2,0,0,0,1,0,0,0,0,0,1,0,1,1,0,1,1,1,1,1,1,1,1,0,1,0,0,1,1,0,0,1,0,1,0,1,0,1,1,0,0,0,2,0,0,1,0,0,2,0,0,1,0,2,0,1,1,0,0,1,0,1,0,0,1,0,0,0,0,0,0,1
92 Kirsten Akroyd,4,2,2,1,2,0,1,1,1,2,2,0,0,2,2,0,1,0,0,1,1,0,1,0,0,2,0,1,3,2,1,1,0,2,0,0,0,0,1,0,2,1,1,0,2,0,0,1,2,1,2,1,0,0,2,0,3,0,2,1,2,0,0,0,2,1,1,1,0,0,1,2,1,3,1,0,0,1,1,1,1,0,0,1,0,4,1,3,1,0,0,3,0,0,1,1,0,0,2,4,2,0,0,0,2,3,2,1,1,2,0,0,1,1,0,1,0,1,1,1,1,1,0,1,1,1,2,0,1,0,2,1,0,2,1,0,1,0,0,1,0,0,1,0,0,3,1,0,2,0,2,2,1,0,0,1,0,1,0,0,0,1,0,0,1,1,1,0,2,1,0,0,0,0,1,0,1,1,3,0,2,2,0,0,2,0,1,1,0,0,0,1,0,0,1,0,0,0,0,2
174 Michael Bening,1,0,1,0,0,0,0,1,0,0,2,0,0,2,0,0,0,0,0,0,1,2,1,1,1,0,1,0,0,0,0,0,1,0,1,1,1,1,1,1,0,1,0,2,0,1,0,1,0,0,1,0,2,2,3,2,0,0,0,1,1,0,0,1,2,0,2,2,0,0,1,1,1,1,0,1,1,0,1,0,1,1,2,0,1,2,1,1,0,0,0,4,0,2,0,0,0,0,0,0,0,1,0,2,0,3,0,1,1,1,1,0,1,1,2,1,0,0,0,0,0,0,0,0,1,1,0,1,0,1,0,0,0,0,0,1,1,0,0,1,0,1,0,0,0,1,0,0,0,1,1,0,0,1,1,0,0,1,2,1,0,1,0,1,1,0,1,1,1,1,0,1,0,1,3,3,1,0,1,1,0,2,1,0,0,0,0,0,0,1,0,1,0,0,1,0,1,0,0,1
62 Jayne Neeson,0,1,0,0,0,1,0,0,0,1,0,3,1,0,0,0,1,0,1,2,0,1,2,1,3,0,0,1,1,1,1,0,0,1,3,1,0,0,1,1,1,4,1,0,1,0,3,0,1,1,1,0,0,1,1,1,1,1,2,1,0,1,0,1,1,0,2,1,0,1,0,0,0,0,1,0,0,1,0,1,0,0,0,0,1,2,0,0,1,0,0,0,0,3,2,0,0,1,1,0,0,1,0,1,3,0,2,1,0,0,0,2,0,3,1,0,1,1,1,0,0,2,0,2,0,1,0,1,2,1,0,0,1,0,1,3,1,0,0,2,1,1,1,2,1,1,0,0,2,0,0,0,0,1,0,0,0,0,0,1,0,1,0,2,1,0,1,0,1,2,0,0,0,2,3,1,0,1,0,1,0,2,2,1,2,0,1,0,0,0,0,0,1,0,1,0,1,0,2,1
114 Morgan Mcdormand,1,1,2,0,0,1,0,0,0,2,0,2,0,2,0,0,0,1,1,2,0,1,2,1,1,4,3,0,1,1,2,2,0,1,0,1,2,0,0,0,0,1,0,0,0,1,2,0,0,0,1,6,1,1,0,0,0,1,1,1,0,0,0,1,2,1,1,3,0,1,0,2,1,0,0,0,0,0,0,0,0,1,3,2,2,3,3,3,0,3,0,2,2,0,1,0,0,0,2,1,0,0,0,0,1,0,1,0,0,2,0,1,0,0,1,2,0,0,1,1,1,0,0,0,0,2,0,0,0,0,0,0,2,0,2,1,0,0,0,2,1,0,2,0,0,2,1,1,0,0,0,1,0,0,1,1,0,0,2,0,0,0,0,0,0,0,1,1,1,1,1,1,0,0,0,0,1,2,1,0,1,1,0,0,1,0,0,1,1,1,1,1,0,0,1,2,0,0,1,0
28 Woody Hoffman,1,1,0,0,0,3,0,1,1,0,2,0,1,0,0,1,0,0,1,2,1,0,3,1,0,2,0,1,0,1,1,1,1,2,1,1,0,1,1,2,1,1,1,0,1,1,1,0,0,1,2,2,0,0,0,0,1,0,1,3,1,0,2,1,0,0,0,1,1,3,1,0,1,3,0,2,1,1,0,2,0,2,2,0,1,3,1,1,0,0,2,3,1,0,2,0,0,0,1,1,1,1,1,1,1,1,1,1,3,1,0,0,1,0,2,3,2,0,2,4,1,0,0,0,1,3,0,2,0,0,0,1,0,0,0,0,0,0,1,1,0,1,3,0,0,1,2,2,0,1,0,3,0,0,0,2,0,2,0,0,0,0,1,0,1,1,1,2,1,2,0,0,0,1,0,1,1,0,1,2,1,1,1,0,0,0,1,1,0,0,2,2,2,0,0,0,1,0,0,1
79 Mae Hoffman,1,0,0,0,0,1,0,1,2,1,0,0,0,0,1,1,0,1,2,0,1,2,0,0,1,1,1,0,0,0,1,1,0,1,1,1,0,0,3,2,0,2,2,2,2,0,1,2,0,2,2,1,1,1,1,2,2,0,2,1,2,0,0,2,0,0,0,1,0,0,0,2,1,0,2,0,2,1,1,1,1,1,0,0,0,1,0,0,2,0,2,1,0,0,1,0,0,0,0,3,0,2,0,1,3,0,3,0,2,1,1,0,0,1,3,0,0,2,0,0,0,3,3,0,0,0,1,0,0,0,0,1,1,1,0,2,2,0,0,0,0,0,0,0,3,2,2,0,2,2,0,1,0,1,0,1,1,0,0,0,2,1,3,0,0,0,2,2,2,0,1,0,0,0,1,0,0,1,1,0,0,1,1,0,0,0,0,1,0,0,0,1,0,0,1,0,1,1,0,0
183 Russell Close,0,1,0,2,0,1,0,0,1,0,0,1,1,0,1,1,0,0,1,0,0,0,1,0,1,1,1,1,2,0,1,0,0,2,0,0,1,1,0,2,0,0,0,0,0,1,0,0,2,0,1,1,0,1,0,1,0,1,1,2,0,0,0,1,0,0,0,1,1,1,0,0,0,0,1,0,2,1,0,2,1,0,1,2,0,1,0,0,0,1,0,0,1,0,0,0,0,0,1,0,1,0,0,0,0,1,0,0,0,0,0,0,0,1,1,0,0,0,0,0,0,0,0,1,0,0,0,1,0,0,2,0,0,1,1,1,1,0,0,0,0,1,0,0,0,1,1,0,0,0,0,1,1,0,0,0,0,0,0,2,0,0,0,0,0,0,0,0,1,0,1,1,0,0,1,1,0,0,0,0,0,1,0,2,0,0,0,0,1,1,1,0,0,0,1,0,1,0,0,0
121 Liza Bergman,1,0,0,1,0,0,0,0,2,0,1,1,3,1,0,1,0,0,0,2,1,0,0,1,0,1,0,0,2,0,1,0,1,2,0,1,0,0,0,1,2,0,1,1,1,2,0,2,0,0,0,0,1,1,0,3,0,3,1,2,1,0,0,0,2,1,3,1,1,0,2,0,0,0,0,0,0,2,0,0,0,0,0,0,0,1,0,1,2,0,1,2,0,0,0,0,0,1,0,0,1,2,0,1,1,0,0,1,5,1,1,0,0,0,0,1,0,2,0,0,0,0,2,0,1,1,1,1,1,2,0,1,0,1,0,1,0,1,0,0,1,1,1,1,1,0,0,1,1,2,1,0,0,1,1,1,1,0,0,1,0,0,0,1,0,1,1,0,0,0,0,0,0,0,2,0,2,1,0,1,0,1,0,0,2,0,1,0,1,1,1,1,1,0,0,0,1,0,1,3
160 Chris Depp,0,1,0,0,2,0,0,1,0,0,0,0,0,0,0,1,0,1,0,1,1,0,0,1,0,2,0,1,0,1,1,2,1,0,2,0,0,0,1,0,0,1,0,0,0,1,0,0,1,2,3,1,0,1,0,2,1,0,0,0,0,0,0,1,1,0,0,0,0,1,0,0,2,0,0,0,0,1,0,0,0,0,0,0,0,2,0,0,2,0,1,0,0,0,1,0,2,2,2,3,1,0,0,0,2,0,0,0,0,0,1,0,0,1,0,0,0,1,0,2,0,2,0,0,1,0,0,0,0,0,0,0,0,0,1,1,1,1,0,0,0,1,0,0,1,0,1,0,1,0,0,1,1,0,0,0,0,0,1,3,0,0,0,0,0,0,0,0,0,1,0,0,0,0,1,0,0,0,2,2,0,1,0,0,0,0,1,1,0,0,1,0,0,0,1,0,2,0,1,1
194 Meryl Allen,0,0,0,1,0,1,0,1,0,0,0,0,2,1,2,0,0,0,1,0,0,0,0,0,1,0,1,0,1,0,0,1,0,1,0,2,0,2,1,0,0,0,1,0,0,1,1,1,0,0,0,0,1,2,0,1,0,1,1,0,0,1,1,1,0,0,1,0,0,1,1,0,0,0,1,2,2,1,0,1,0,1,0,1,0,2,1,1,2,0,0,0,1,2,1,0,0,0,0,0,0,0,0,0,0,0,2,1,0,1,1,0,0,1,1,1,0,0,2,0,0,1,3,1,2,0,0,0,1,0,2,0,1,0,1,1,0,0,1,0,1,2,1,2,0,0,1,1,0,1,0,0,1,1,0,1,2,0,0,0,0,1,0,0,0,1,1,0,0,1,0,1,0,3,0,0,1,1,1,0,1,1,1,1,0,0,0,2,0,1,0,1,0,1,1,0,0,0,1,1
190 Audrey Bailey,2,0,1,0,0,0,1,1,1,0,1,0,2,1,4,0,2,0,2,1,0,2,0,1,1,0,0,0,1,0,1,2,0,0,0,0,0,1,0,0,1,1,0,1,1,0,1,1,1,1,0,1,2,0,3,0,0,0,2,2,1,0,1,1,0,0,0,0,0,0,3,1,1,0,1,1,0,2,1,0,1,0,0,2,0,0,0,1,0,0,0,1,1,0,1,2,0,2,0,1,0,1,1,0,0,0,0,3,2,0,0,2,0,1,0,1,1,1,0,0,1,0,0,3,0,2,1,0,0,1,1,0,0,0,2,1,1,0,0,2,1,1,0,0,0,0,0,2,0,0,1,1,1,0,1,1,1,0,1,0,0,0,0,0,0,2,2,1,1,1,0,1,0,0,1,1,3,0,0,0,0,1,2,0,2,0,0,1,1,1,0,0,0,0,0,2,4,0,1,0
88 Kenneth Pesci,0,0,0,1,0,0,0,1,2,0,0,0,1,1,1,1,1,0,1,1,1,0,1,0,0,0,0,1,0,0,0,2,1,2,1,0,0,0,1,0,0,0,0,0,0,1,1,0,0,2,2,1,0,0,1,0,0,2,2,0,2,3,0,1,1,2,0,0,1,0,1,2,1,0,0,1,2,0,1,0,0,1,2,1,0,2,0,1,1,1,0,1,0,1,0,0,1,0,0,1,0,0,0,0,2,1,2,0,0,1,1,0,0,1,1,0,0,3,0,1,0,0,1,1,0,0,0,0,0,0,1,1,1,0,0,0,1,0,1,1,0,1,0,0,1,0,0,1,0,1,1,0,0,1,1,0,0,0,1,0,0,1,0,1,2,0,1,0,0,0,1,0,0,1,0,1,0,1,0,0,0,1,3,0,0,0,0,0,0,0,0,0,0,0,0,0,0,1,0,1
98 Chris Bridges,1,1,1,1,1,1,0,1,1,1,0,1,0,0,3,0,2,2,1,1,0,2,0,1,2,1,0,1,0,1,0,0,0,1,0,0,1,0,1,1,0,1,4,2,0,1,0,0,1,1,0,0,1,0,0,1,2,0,1,0,0,0,0,1,1,0,0,0,0,1,0,1,4,0,2,1,0,1,1,0,2,0,0,3,1,2,0,0,0,2,0,1,0,2,2,0,0,0,0,1,2,2,0,1,0,0,0,0,1,0,0,0,0,0,3,1,0,0,2,1,2,0,1,3,0,1,2,0,0,0,0,1,4,0,0,2,1,0,0,0,0,1,0,0,1,1,2,2,1,1,2,0,0,1,1,1,1,1,1,2,0,1,0,1,2,1,0,2,1,2,1,0,0,0,1,0,1,2,0,1,1,1,1,1,1,0,2,0,1,0,0,0,1,1,1,1,1,1,1,0
170 Mena Hopper,1,1,0,0,0,2,0,1,0,1,1,2,2,0,1,0,0,0,0,0,1,0,1,2,0,0,1,1,2,1,2,0,0,0,0,1,1,1,0,1,3,1,0,1,2,0,0,0,1,2,0,1,0,0,0,0,0,0,1,0,2,2,0,1,0,0,0,0,1,1,2,2,0,1,0,1,2,0,0,0,2,1,1,0,2,1,1,1,0,1,0,1,0,1,2,0,0,1,1,2,1,1,1,2,1,3,1,1,1,1,1,0,0,0,1,1,0,2,1,0,1,1,0,0,1,0,1,0,1,0,0,0,1,0,0,1,1,1,1,2,0,0,0,1,2,1,1,0,0,0,0,1,1,0,0,1,0,1,2,2,0,0,0,0,1,0,2,0,0,2,0,2,0,0,3,0,0,1,1,4,1,1,1,0,1,0,0,1,1,0,1,1,0,0,0,0,0,0,1,2
93 Ellen Presley,2,0,1,0,0,1,1,2,1,1,1,0,1,0,0,1,1,0,1,1,0,2,0,0,1,2,0,2,1,0,1,1,0,1,0,1,1,1,0,0,0,0,0,2,0,1,1,0,2,2,0,1,0,2,1,0,1,2,0,1,0,0,0,0,0,0,0,0,0,1,0,0,3,1,0,2,1,1,0,1,0,0,0,0,0,1,0,2,0,1,0,0,1,0,2,1,1,0,0,1,0,0,1,0,1,3,1,0,1,1,0,0,0,0,1,5,1,1,3,0,1,1,1,1,0,3,2,0,1,0,0,2,1,0,0,1,0,1,0,0,0,0,0,0,2,3,2,0,0,0,1,2,1,0,2,1,1,1,1,2,1,0,0,0,1,0,1,0,0,1,1,0,0,0,0,0,0,1,2,1,0,1,0,0,1,0,1,0,1,1,0,0,1,0,0,0,4,2,1,2
130 Greta Keitel,2,1,1,2,1,2,2,1,0,0,1,1,1,0,2,0,0,1,1,0,1,2,0,0,1,1,0,1,2,4,1,1,1,2,1,0,1,2,1,0,0,0,1,2,0,0,1,1,1,1,2,1,1,0,1,2,1,0,0,1,0,0,2,2,0,0,0,2,0,0,0,0,1,0,1,3,0,4,0,1,2,1,0,0,1,1,1,0,0,0,0,0,0,0,0,2,0,0,1,1,1,0,0,2,0,0,1,0,0,1,0,1,0,1,1,0,1,1,2,1,1,0,1,2,0,2,0,0,2,3,0,3,0,0,0,2,0,1,0,1,0,2,2,0,1,0,1,1,1,0,1,1,0,0,1,1,2,1,2,0,0,0,1,1,1,0,2,2,1,0,0,1,0,1,0,2,0,2,0,1,0,1,0,0,2,0,2,1,1,1,1,0,1,0,3,1,1,0,1,1
50 Natalie Hopkins,0,0,1,0,0,0,1,0,0,1,0,0,1,1,0,2,1,2,0,1,1,1,0,1,0,2,0,2,3,3,0,4,0,0,3,1,1,0,0,1,1,1,0,1,2,1,3,1,0,1,0,0,1,0,0,1,2,1,0,1,1,1,1,1,0,2,1,0,1,1,1,5,2,2,1,0,1,0,1,0,0,0,1,0,0,1,1,3,0,1,0,2,0,1,2,1,1,0,1,1,2,1,1,0,0,1,1,0,0,1,2,2,1,2,3,1,1,2,1,1,0,1,1,0,0,1,2,0,1,1,2,1,0,0,1,0,2,0,0,2,2,0,1,2,0,0,2,0,3,0,0,2,0,2,0,0,0,1,0,1,1,0,0,0,0,1,1,0,1,0,0,2,0,1,2,1,0,1,2,0,0,1,1,1,1,0,2,0,0,1,1,0,1,1,0,1,1,2,0,2
69 Kenneth Paltrow,1,0,0,2,0,0,0,1,2,3,0,1,2,1,0,0,0,0,1,0,1,0,0,1,1,0,1,1,1,0,1,1,0,1,0,0,0,0,0,0,3,0,0,0,0,1,0,0,2,0,1,0,1,0,0,0,1,0,1,1,1,0,2,2,0,1,0,1,1,0,1,1,1,1,1,3,1,0,1,0,0,1,1,0,0,1,0,0,1,1,1,1,0,2,2,0,1,1,1,2,1,0,1,1,0,0,1,0,0,1,0,1,1,0,0,0,0,2,1,0,1,0,1,1,1,0,1,0,1,0,0,2,0,0,1,0,1,0,0,1,0,0,0,0,1,0,0,1,0,0,0,0,1,0,0,1,0,1,0,0,1,0,0,1,1,0,0,2,0,1,2,0,0,0,2,1,0,0,1,0,0,1,2,2,0,0,1,1,0,0,0,0,0,0,0,0,1,0,1,0
1 Penelope Guiness,2,1,1,2,2,2,1,3,2,1,1,1,1,1,2,2,4,2,1,1,2,1,1,1,1,1,2,1,1,1,1,1,2,1,1,1,2,1,1,1,2,1,2,1,2,2,3,1,1,1,1,1,2,1,2,1,1,1,1,1,1,1,1,1,1,1,1,1,1,1,1,1,1,1,1,1,1,1,1,0,0,0,0,0,0,0,0,0,0,0,0,0,0,0,0,0,0,0,0,0,0,0,0,0,0,0,0,0,0,0,0,0,0,0,0,0,0,0,0,0,0,0,0,0,0,0,0,0,0,0,0,0,0,0,0,0,0,0,0,0,0,0,0,0,0,0,0,0,0,0,0,0,0,0,0,0,0,0,0,0,0,0,0,0,0,0,0,0,0,0,0,0,0,0,0,0,0,0,0,0,0,0,0,0,0,0,0,0,0,0,0,0,0,0,0,0,0,0,0,0
175 William Hackman,1,2,0,2,2,1,0,1,0,0,0,2,2,0,0,1,1,1,1,3,1,0,0,1,2,0,1,0,1,1,0,0,1,2,0,0,1,2,0,0,0,0,0,1,0,1,1,0,0,1,0,0,0,0,1,1,1,2,1,1,0,1,0,0,1,2,0,1,1,1,1,1,1,1,2,0,0,1,0,0,0,0,1,0,0,1,0,0,2,1,0,0,1,2,1,1,1,2,0,1,1,1,0,2,0,1,1,0,0,0,0,0,1,0,2,0,1,1,1,0,0,2,1,0,0,1,2,2,2,0,0,0,1,0,0,1,0,1,1,1,0,2,2,0,0,1,3,1,2,0,0,1,0,1,0,1,2,0,1,0,0,0,0,3,0,1,0,0,0,1,1,0,0,0,1,1,0,0,2,2,1,0,2,0,1,0,1,1,1,1,1,1,1,0,1,0,0,1,0,0
90 Sean Guiness,1,0,0,0,3,0,1,2,1,4,0,1,0,2,2,1,1,0,0,2,0,0,1,2,0,1,1,1,1,2,2,1,1,2,0,1,0,0,0,0,2,0,1,0,5,0,1,1,0,0,0,1,0,0,0,1,1,1,1,1,3,1,0,2,1,2,0,1,1,1,2,2,0,3,0,3,0,0,2,1,1,1,1,0,0,1,2,1,0,0,1,0,0,1,1,0,0,1,1,1,0,1,1,1,0,0,0,3,2,0,1,1,0,2,1,0,1,0,1,0,0,0,0,0,1,2,2,0,1,1,3,0,2,0,0,2,1,1,0,0,0,1,1,1,3,3,0,0,0,2,0,2,0,0,1,3,3,0,0,1,1,2,1,0,1,0,1,3,0,0,2,2,0,1,0,0,0,0,0,3,0,0,1,1,1,0,1,1,1,0,0,0,0,1,0,1,1,0,4,0
120 Penelope Monroe,0,1,1,0,0,0,0,0,2,0,0,1,1,0,0,0,1,0,1,2,0,1,1,0,0,1,0,1,2,2,1,0,1,4,2,0,0,1,0,0,0,0,1,1,0,0,3,1,3,1,0,2,1,2,1,1,1,2,2,0,0,0,1,0,2,2,0,0,0,0,2,1,2,1,0,0,1,2,0,0,1,0,1,1,1,0,0,2,0,0,1,0,1,0,1,1,2,0,1,1,0,0,0,3,0,1,1,2,1,1,1,0,1,0,2,3,0,2,0,0,1,3,1,0,0,1,0,1,1,1,0,1,1,1,0,2,1,2,0,0,0,0,1,1,3,0,0,1,2,1,1,1,3,0,0,3,1,0,1,0,1,0,0,0,1,1,0,0,0,2,1,1,0,1,0,0,1,1,0,0,0,0,1,0,1,0,0,0,0,0,2,0,1,0,2,0,0,1,1,0
87 Spencer Peck,1,1,1,0,2,1,3,0,2,0,1,0,1,2,1,0,1,1,0,1,0,2,0,0,0,0,0,0,0,0,1,2,0,2,0,1,1,2,0,0,1,3,1,0,2,0,0,0,0,0,0,0,0,2,0,1,2,1,1,1,1,0,0,0,1,4,0,0,1,0,0,0,0,0,0,0,0,1,0,0,1,0,1,2,0,0,0,0,0,0,0,0,1,0,1,0,0,0,1,1,1,0,0,2,0,1,2,2,4,0,1,0,0,1,1,1,0,1,0,1,1,0,3,1,0,0,1,0,0,0,0,1,1,0,1,0,1,1,0,0,2,0,2,0,0,1,1,0,0,1,1,1,2,2,1,1,0,1,1,0,0,2,0,1,3,0,1,0,0,0,0,0,0,0,0,1,0,0,1,0,0,0,2,0,3,0,1,0,0,1,1,0,0,1,1,0,2,0,0,1
51 Gary Phoenix,0,0,0,0,0,1,2,0,0,1,1,1,1,1,0,0,1,1,0,0,0,2,0,1,2,0,2,0,1,1,0,0,1,0,3,0,0,1,2,0,0,0,0,1,1,0,1,0,0,1,1,1,0,0,0,0,0,1,1,1,0,1,0,0,0,0,0,0,0,2,0,2,2,1,0,1,1,1,0,1,0,0,3,0,3,0,0,1,0,1,1,0,0,1,3,0,0,1,0,1,0,0,0,0,1,1,0,0,0,3,1,0,1,0,2,2,0,0,1,0,1,2,0,2,0,0,1,0,1,0,0,0,1,0,2,0,2,0,0,0,0,0,2,2,2,0,1,0,1,1,0,2,0,0,1,0,1,2,0,1,0,1,0,1,0,1,2,1,1,2,1,0,0,0,0,1,0,0,2,1,0,0,2,0,0,0,3,0,2,0,0,1,0,2,1,0,1,2,0,0
44 Nick Stallone,0,0,0,0,0,4,1,1,0,0,0,1,0,3,1,0,1,1,1,1,0,0,0,0,1,2,0,0,0,1,1,1,1,0,0,1,2,0,1,0,1,0,1,0,2,0,1,0,1,0,0,0,1,1,0,0,1,0,0,0,0,1,1,0,0,1,0,0,1,2,0,1,0,2,0,0,0,1,0,2,1,0,2,1,0,0,1,1,1,0,0,1,1,1,0,1,3,2,0,1,1,0,0,0,1,4,0,2,2,1,1,0,1,0,1,1,0,0,2,1,0,1,0,1,1,1,1,1,2,1,1,0,1,2,1,0,0,0,3,0,1,0,1,0,1,0,0,0,2,0,2,2,1,0,3,1,0,1,1,1,0,0,2,1,0,0,0,1,2,0,2,1,0,2,0,0,1,2,0,0,0,0,0,0,1,0,2,1,2,1,0,2,1,0,1,0,0,0,0,0
45 Reese Kilmer,2,2,2,0,1,1,2,1,0,2,1,0,2,0,1,1,2,2,2,0,0,0,0,3,0,2,0,1,0,1,1,0,2,0,3,1,1,1,0,2,1,1,1,0,0,0,1,0,2,1,1,1,1,1,2,0,0,1,0,1,4,0,1,1,0,0,2,0,0,2,3,0,0,1,0,1,2,2,1,0,1,0,1,2,2,2,0,0,2,1,2,0,0,2,0,3,1,1,0,2,1,2,1,1,0,1,2,1,0,0,2,1,0,1,1,3,0,2,0,0,0,1,0,2,4,0,1,2,1,0,0,0,0,0,0,1,0,0,0,1,1,1,1,0,0,1,1,0,1,2,1,0,1,1,0,1,1,0,2,0,0,1,2,0,0,0,1,4,1,1,0,0,0,2,3,0,0,1,0,0,1,0,1,0,0,0,1,2,2,1,2,1,0,1,0,0,0,1,0,2
42 Tom Miranda,0,2,0,0,0,0,1,0,1,0,0,2,1,0,1,0,1,0,1,0,1,1,0,2,1,0,0,2,0,0,0,0,0,0,1,0,0,1,0,1,0,1,0,0,2,0,1,0,0,0,1,0,1,1,0,2,0,1,1,0,0,0,0,0,3,1,0,0,0,0,0,0,0,0,1,0,1,2,0,0,1,1,0,2,0,2,0,1,1,1,0,2,2,1,1,2,0,0,0,1,1,0,1,0,2,0,0,1,1,0,1,4,1,1,0,0,0,0,1,0,0,0,1,1,0,3,2,0,1,1,0,0,0,0,0,1,0,0,0,2,1,0,1,0,1,1,1,2,2,2,3,2,0,0,2,0,0,1,1,0,0,0,0,1,0,0,1,1,0,0,0,0,0,1,0,0,0,0,0,1,0,0,0,1,1,0,0,0,0,2,1,0,2,1,2,0,1,0,0,0
3 Ed Chase,1,1,0,2,0,0,0,1,0,0,1,0,0,1,1,0,1,0,1,3,0,0,0,0,0,0,1,0,1,1,0,0,0,0,2,2,1,1,0,1,2,0,1,1,1,2,0,0,1,3,3,2,0,0,1,0,0,1,0,0,1,1,0,0,0,0,0,0,2,0,1,0,2,0,1,0,0,1,1,1,1,1,3,0,0,2,2,2,0,1,0,3,0,1,1,0,0,0,0,3,0,0,0,1,0,2,1,2,1,1,0,0,0,1,1,0,0,1,0,1,1,1,1,1,1,1,1,1,0,0,0,1,1,0,0,1,1,0,0,1,1,2,1,1,0,1,1,4,1,1,1,2,2,2,2,2,2,1,1,1,1,1,1,1,1,1,1,1,1,1,1,1,0,0,0,0,0,0,0,0,0,0,0,0,0,0,0,0,0,0,0,0,0,0,0,0,0,0,0,0
182 Debbie Akroyd,2,1,0,0,1,0,0,0,1,1,2,2,0,0,0,1,1,0,1,1,1,2,1,3,0,1,0,0,0,0,0,0,0,0,2,0,0,0,1,1,0,0,2,1,0,0,1,1,2,0,2,0,1,0,2,1,0,1,1,0,0,0,0,1,1,0,1,0,0,0,0,1,1,0,0,0,1,0,1,0,0,0,2,0,2,0,0,0,0,1,0,1,0,1,2,0,0,0,1,1,0,1,2,1,0,0,2,2,1,0,0,0,0,1,2,1,1,1,0,0,0,0,0,0,1,0,2,1,0,0,1,0,0,1,0,0,1,0,0,1,1,0,2,0,0,1,0,0,1,0,1,2,1,0,0,1,2,0,1,1,0,0,0,1,2,3,1,1,0,0,1,2,0,2,1,1,2,2,0,1,0,0,0,0,0,0,1,0,1,0,0,1,0,2,0,0,0,0,1,1
35 Judy Dean,0,0,0,1,0,1,0,1,0,0,1,0,1,0,1,1,0,1,0,1,0,0,0,0,0,0,1,1,2,0,0,0,1,1,1,0,0,0,1,0,1,0,2,1,1,1,1,1,0,0,1,0,0,0,0,1,0,0,0,0,1,0,0,0,0,0,1,0,0,0,1,1,0,0,0,0,1,0,1,0,0,1,1,0,0,1,1,0,1,0,0,0,0,3,0,0,1,2,1,0,2,0,0,1,0,0,0,0,0,0,2,2,0,0,0,1,1,0,2,1,0,0,0,0,0,1,0,0,3,0,0,0,0,1,1,0,0,0,0,0,0,1,3,2,0,0,1,2,0,0,0,0,0,1,0,0,1,0,0,0,2,0,0,1,0,0,1,0,0,0,1,2,0,0,1,0,0,0,0,0,1,0,0,0,1,0,0,0,0,0,0,0,1,0,1,0,1,1,0,0
112 Russell Bacall,4,2,1,0,1,0,2,1,0,0,0,1,1,1,1,0,0,2,0,1,0,0,1,0,1,1,0,1,1,3,0,1,0,0,1,0,1,0,0,0,3,1,0,1,3,0,1,1,1,0,0,1,0,1,0,1,1,1,2,3,0,0,1,0,1,1,0,1,2,0,1,0,1,1,0,2,0,0,1,1,1,1,0,1,0,0,1,0,0,1,0,1,3,0,1,0,0,4,3,1,0,0,0,1,1,2,1,1,0,0,1,2,1,0,2,1,1,1,0,1,0,0,1,1,0,1,0,0,2,0,0,3,0,0,1,1,1,1,0,1,0,2,1,3,0,0,3,1,0,0,1,0,0,1,2,0,2,1,0,0,0,2,0,0,2,0,1,1,1,2,1,0,0,1,1,1,3,0,1,0,1,0,0,1,0,0,1,2,1,3,1,0,0,0,0,0,2,0,0,1
2 Nick Wahlberg,2,0,1,0,2,1,0,1,1,1,1,1,0,3,0,0,0,1,0,0,0,0,1,1,0,0,1,1,0,1,0,0,0,1,0,2,0,1,0,0,0,0,1,2,1,1,0,1,0,0,0,0,0,3,1,0,1,1,0,2,2,0,0,1,1,0,0,1,1,0,0,1,0,1,2,1,0,2,2,1,1,1,1,1,1,1,1,1,2,2,3,1,2,1,1,1,2,1,2,1,2,2,1,1,1,1,2,1,2,1,1,2,1,1,2,1,1,2,2,1,1,2,1,1,1,1,1,1,1,1,1,1,1,2,1,2,1,1,1,1,2,2,1,1,1,0,0,0,0,0,0,0,0,0,0,0,0,0,0,0,0,0,0,0,0,0,0,0,0,0,0,0,0,0,0,0,0,0,0,0,0,0,0,0,0,0,0,0,0,0,0,0,0,0,0,0,0,0,0,0
85 Minnie Zellweger,1,1,2,1,1,0,0,1,0,1,1,0,1,0,0,0,0,1,0,2,2,2,2,0,1,0,0,0,0,3,0,0,0,0,0,0,0,0,0,0,1,0,1,1,0,1,1,2,1,0,0,2,1,0,2,1,2,2,0,0,0,1,2,0,0,1,1,0,0,0,1,0,1,1,0,1,1,0,0,0,0,0,2,0,0,1,2,2,0,2,1,0,1,2,1,0,0,1,1,1,1,1,1,1,2,1,1,1,2,0,2,2,1,0,2,0,0,1,0,1,0,1,1,0,1,0,2,2,0,0,1,3,2,2,0,0,2,0,1,2,1,2,1,0,2,1,0,0,0,1,2,1,0,0,1,0,1,0,1,0,0,1,1,0,0,0,2,0,1,2,2,1,0,1,1,0,1,3,2,1,0,0,1,0,1,0,0,0,0,1,0,1,1,1,0,0,2,1,1,1
31 Sissy Sobieski,2,3,0,0,0,0,2,1,0,0,0,0,0,1,1,0,0,2,0,0,1,1,0,1,1,2,0,0,0,1,1,0,1,0,1,0,0,0,0,1,1,1,0,0,0,0,1,0,1,0,0,1,1,0,0,0,1,0,1,1,1,0,1,1,1,0,0,1,0,0,1,0,1,1,2,1,1,0,0,0,1,0,0,0,0,0,1,1,1,2,0,1,0,1,0,2,0,0,1,3,0,0,1,0,0,1,1,2,1,0,0,1,0,1,3,0,0,2,0,0,0,1,1,2,1,2,0,0,1,0,1,0,0,0,0,0,0,1,0,1,0,0,1,0,0,0,2,1,0,1,0,0,0,1,1,0,0,1,1,1,0,0,1,2,1,0,0,1,0,1,0,1,0,1,1,0,0,0,1,2,0,0,0,0,2,0,0,0,2,2,1,1,0,1,0,1,1,0,1,0
178 Lisa Monroe,4,1,0,3,0,1,1,1,0,0,0,0,1,0,0,1,0,2,0,0,0,1,1,1,0,0,0,0,1,1,1,0,2,1,1,0,0,1,0,0,3,1,0,0,2,0,1,2,0,0,0,0,2,0,1,0,0,1,0,0,1,1,3,0,1,0,1,0,0,1,0,0,0,0,2,2,1,3,0,1,0,2,0,0,1,1,0,1,0,1,0,1,1,2,0,0,0,0,2,0,0,0,0,0,1,0,2,2,0,0,1,1,2,1,1,2,0,0,0,2,0,2,0,2,1,1,1,1,0,1,0,0,1,2,1,0,0,0,0,1,0,0,0,0,0,0,0,1,0,0,0,2,0,0,0,0,0,1,0,0,1,1,0,0,1,0,1,1,1,1,0,0,0,1,1,0,0,2,2,2,0,0,1,0,1,0,0,2,0,1,1,2,1,1,0,2,0,0,1,2
39 Goldie Brody,2,1,1,2,0,0,3,0,0,0,0,0,1,1,0,2,0,0,1,2,1,0,1,3,2,2,1,0,0,0,0,0,0,0,0,1,0,2,0,0,2,1,1,0,0,3,0,0,0,1,0,0,0,0,0,0,0,0,1,2,0,0,0,2,1,0,2,0,0,0,0,0,0,1,1,0,1,3,0,1,2,2,1,2,0,0,1,2,1,0,0,0,0,1,2,0,0,1,0,1,0,0,1,2,1,0,1,1,1,0,1,1,1,1,1,0,0,0,0,0,0,2,0,2,2,2,1,2,1,1,0,1,1,0,1,0,0,1,1,1,1,0,1,2,0,0,1,1,1,1,1,1,1,1,0,1,0,1,0,0,1,1,0,1,1,0,0,0,1,1,1,0,0,1,0,0,1,0,1,1,2,0,0,0,3,0,1,2,1,0,1,1,1,0,0,0,1,1,0,2
186 Julia Zellweger,1,0,0,1,2,1,0,0,0,1,1,0,1,0,0,0,0,0,0,1,0,1,0,3,0,0,0,0,0,1,0,0,1,0,1,0,0,1,0,0,0,0,1,1,1,0,0,0,0,0,0,2,0,0,0,0,0,0,0,1,1,0,0,0,1,1,0,0,0,1,1,1,0,1,1,0,0,2,0,0,0,0,0,3,0,3,1,0,0,1,0,0,1,0,1,2,0,0,0,0,0,0,1,1,1,0,1,1,0,0,0,0,1,1,1,1,0,1,0,0,0,0,1,1,1,0,0,0,0,1,1,1,0,1,0,0,0,1,0,1,0,0,0,0,1,0,0,0,0,1,0,1,0,0,0,0,0,1,2,0,1,1,1,0,0,0,0,1,0,1,1,0,0,1,0,2,1,0,0,2,1,0,0,0,1,0,0,1,1,1,0,0,0,0,0,1,0,1,0,2
193 Burt Temple,1,1,0,0,1,3,1,1,3,1,1,0,0,1,1,0,0,1,0,0,2,1,1,0,1,1,0,1,1,0,0,1,1,0,0,1,1,0,0,0,1,1,0,0,2,0,0,1,0,1,1,1,0,1,0,1,2,0,0,0,1,0,1,1,1,0,0,1,0,0,0,0,0,1,1,0,1,0,0,1,2,1,1,1,2,0,0,0,0,0,0,0,0,0,0,0,2,0,1,0,0,1,0,0,0,0,3,1,1,0,3,0,0,1,0,0,0,1,1,0,0,1,1,0,2,1,0,2,0,0,0,2,0,1,0,0,2,0,2,0,0,0,1,0,0,2,1,1,0,0,0,0,0,0,1,1,0,1,2,1,0,1,0,1,0,0,0,1,0,0,0,0,0,1,0,0,0,1,2,1,0,0,1,0,0,0,1,1,2,1,0,0,2,0,0,0,1,0,0,0
145 Kim Allen,0,1,0,0,0,1,0,0,2,0,1,0,2,0,1,0,0,0,1,1,0,0,0,0,1,1,0,0,0,3,0,2,1,1,1,0,0,1,1,1,0,0,1,0,1,3,2,2,0,1,0,0,0,1,3,2,0,0,1,1,0,1,2,0,1,0,2,2,1,1,0,1,3,2,0,1,1,0,0,0,0,0,3,0,0,2,2,1,0,0,0,0,0,0,1,0,0,1,1,2,1,1,1,1,4,2,2,0,0,1,1,0,0,1,1,0,0,0,1,0,2,1,0,1,0,2,1,1,2,1,2,1,0,0,0,0,2,0,1,1,1,1,2,0,0,1,0,1,0,1,3,2,0,1,0,0,1,0,2,0,0,1,0,0,0,0,1,0,1,1,1,0,0,1,0,1,0,0,1,0,2,0,0,1,0,0,1,0,1,1,0,2,0,2,1,0,2,1,2,0
103 Matthew Leigh,0,0,0,0,0,1,3,1,1,0,1,1,0,1,0,0,0,2,0,0,1,2,0,2,2,0,0,0,0,0,0,1,1,0,1,0,0,0,2,0,1,1,0,1,1,0,1,1,1,2,0,0,0,0,0,1,0,0,0,0,1,0,2,0,2,0,2,0,0,0,0,1,1,2,1,0,0,1,1,1,1,1,2,1,2,3,1,0,0,1,1,0,2,1,2,1,0,0,2,0,2,1,2,0,1,0,1,1,0,1,0,0,1,0,2,1,1,0,0,2,2,0,4,0,1,0,1,0,0,0,0,0,2,0,0,0,0,0,0,2,0,0,1,0,0,1,0,1,0,1,1,3,1,0,0,0,0,0,0,0,0,0,0,1,0,0,1,0,0,0,1,0,0,0,1,0,1,2,0,1,1,0,2,0,0,0,1,1,1,0,0,0,2,0,0,0,2,1,3,1
67 Jessica Bailey,0,0,2,1,1,3,0,0,0,0,0,1,0,0,0,2,0,2,2,1,0,0,0,1,0,0,0,0,0,1,0,3,1,1,1,0,0,2,1,1,0,0,0,1,0,0,0,0,2,0,1,0,0,1,0,1,2,1,0,0,1,0,0,0,0,0,1,1,2,2,2,1,1,0,1,0,0,1,1,0,0,0,0,1,1,0,1,1,0,0,0,1,1,0,1,0,1,0,1,2,0,1,0,0,1,2,1,1,0,1,1,0,0,0,1,1,0,0,0,1,0,0,0,0,0,2,3,1,2,2,0,1,0,0,0,2,0,1,1,0,2,3,0,1,1,0,1,0,0,1,0,1,0,0,1,1,1,1,0,1,1,0,1,1,0,0,1,0,0,3,0,0,0,1,0,2,1,1,1,0,2,0,0,1,0,0,0,0,0,0,0,0,1,0,0,0,0,0,1,1
132 Adam Hopper,0,0,1,1,0,0,0,1,0,2,0,0,0,0,0,1,0,0,1,2,1,0,1,0,0,0,1,1,2,0,3,1,0,0,1,2,0,0,2,2,1,1,0,0,2,1,1,1,2,1,0,1,0,0,0,0,0,1,0,3,0,0,0,0,1,0,0,1,1,0,2,1,1,0,0,0,1,0,0,0,3,1,1,0,1,0,0,1,0,1,0,0,0,0,1,1,0,1,1,0,0,0,0,0,0,0,0,3,1,0,1,0,0,0,2,1,0,1,0,0,2,0,1,0,2,0,1,0,0,0,0,0,0,2,2,0,0,1,0,2,1,0,0,1,1,0,0,0,1,0,0,1,0,0,0,0,0,2,0,0,0,0,0,0,2,0,1,0,0,1,1,0,0,0,1,0,0,0,0,0,0,0,0,0,0,0,0,1,2,0,1,0,0,0,0,0,0,0,2,0
17 Helen Voight,3,0,1,1,1,1,2,3,2,0,0,0,2,1,1,1,0,3,1,2,2,1,2,0,1,2,0,3,1,2,1,3,0,0,0,0,0,0,3,1,2,0,0,1,0,1,1,1,0,1,3,1,0,2,0,1,1,0,0,2,2,0,0,0,3,1,0,2,0,2,4,0,3,2,0,1,1,1,0,0,1,1,1,1,0,0,0,2,0,0,0,1,0,0,2,2,1,0,0,0,2,0,1,0,2,0,1,3,0,1,0,0,1,2,1,1,1,0,1,3,0,0,1,1,0,2,1,2,0,0,0,0,0,0,1,1,3,0,0,2,0,0,0,0,0,2,0,2,0,1,2,1,0,0,0,1,1,0,1,1,1,1,2,0,4,0,1,0,4,1,1,1,0,0,1,0,2,1,0,0,1,0,0,1,2,0,2,1,0,1,0,1,2,2,0,0,0,0,1,0
152 Ben Harris,0,0,1,1,2,0,0,0,1,0,0,0,1,0,0,1,0,0,2,1,0,1,0,0,0,1,1,1,1,0,0,1,0,0,2,0,0,1,0,2,0,0,3,1,0,1,0,0,0,0,1,1,1,2,4,0,0,2,0,0,0,1,2,0,0,0,3,0,0,0,2,0,0,0,1,0,1,0,1,0,0,0,0,0,0,4,0,0,0,1,0,0,1,1,0,3,0,0,0,0,1,0,0,1,2,1,0,0,0,0,0,0,1,2,1,1,0,1,2,0,0,0,1,1,0,1,0,0,2,1,0,1,1,0,1,0,0,1,0,1,1,0,0,1,1,2,3,1,1,1,0,0,1,0,0,0,0,0,0,1,0,0,0,0,0,1,1,0,2,0,2,0,0,1,0,1,0,2,0,1,0,0,0,1,0,0,1,0,0,1,1,0,1,1,0,0,0,0,0,0
172 Groucho Williams,2,1,2,0,1,0,2,1,2,2,1,1,0,0,2,2,0,1,1,2,1,1,1,3,0,0,1,0,3,0,2,0,0,3,0,1,1,0,0,0,1,1,2,1,1,1,1,0,1,2,1,1,0,0,0,1,0,0,2,0,1,1,0,0,2,1,0,1,0,1,2,1,0,0,0,1,0,3,0,1,1,0,0,0,1,2,1,1,0,0,1,0,1,2,1,0,0,2,0,0,1,0,0,1,0,0,0,1,3,1,0,0,1,0,1,1,2,0,2,0,0,1,1,0,0,1,0,0,0,0,0,0,1,0,1,2,0,2,0,1,0,1,0,0,1,0,0,2,0,0,0,2,0,0,0,0,2,1,0,0,0,1,1,1,1,0,1,1,1,1,0,1,0,0,4,1,0,0,0,0,0,0,1,0,0,0,1,1,1,0,0,0,2,3,1,2,1,0,0,2
75 Burt Posey,4,0,0,0,1,2,1,0,0,1,2,2,1,1,1,1,0,0,0,0,1,0,1,3,0,1,0,2,2,1,0,1,0,2,1,0,0,1,1,0,0,1,0,1,2,1,2,0,0,0,0,0,0,0,1,0,1,0,0,1,2,0,1,1,1,0,2,0,0,1,1,0,0,2,0,2,0,2,1,0,0,0,0,2,0,2,2,0,2,0,0,1,1,0,2,0,0,1,2,2,0,1,1,1,0,0,0,2,2,1,0,0,0,1,0,2,0,1,1,2,0,0,1,1,1,1,2,0,0,0,0,0,0,2,0,0,0,0,1,1,0,1,2,0,0,1,0,1,2,1,1,4,0,1,2,1,1,0,1,0,0,3,1,1,0,1,0,2,2,1,2,0,0,0,0,0,1,0,0,2,0,0,1,0,1,0,1,0,2,2,2,0,0,1,1,0,0,0,2,0
